0,0,0,0,0,0.3646,0,0.86,-4.67
-0.04937,-0.0011882,-0.079936,-0.00032004,0.10003,0.32098,0.0013552,0.86,-4.5738
-0.097823,-0.0029976,-0.15969,-0.0012789,0.18729,0.32058,0.081101,0.86,-4.5918
-0.14771,-0.0054878,-0.24426,-0.0028951,0.27375,0.39945,-0.0043965,0.86,-4.7515
-0.1935,-0.008554,-0.32208,-0.0051608,0.38115,0.3637,-0.17813,0.86,-4.7658
-0.23216,-0.012066,-0.38746,-0.0079994,0.47789,0.35807,0.24209,0.86,-4.7149
-0.28258,-0.016419,-0.48074,-0.011473,0.57232,0.31626,0.16577,0.86,-4.6774
-0.32846,-0.021411,-0.56807,-0.015669,0.65452,0.33732,0.22427,0.86,-4.7758
-0.37396,-0.027105,-0.65826,-0.020575,0.74185,0.33108,0.23632,0.86,-4.7628
-0.41731,-0.03348,-0.74833,-0.026202,0.82677,0.37525,-0.14193,0.86,-4.7543
-0.44574,-0.040203,-0.81177,-0.032443,0.92313,0.33303,0.079292,0.86,-4.5844
-0.47841,-0.047565,-0.88957,-0.039249,1.0071,0.38471,-0.023827,0.86,-4.6768
-0.50471,-0.055403,-0.95912,-0.046644,1.1047,0.33958,-0.085303,0.86,-4.5768
-0.52579,-0.063684,-1.0236,-0.054576,1.189,0.39132,-0.11825,0.86,-4.6307
-0.54246,-0.072388,-1.0847,-0.06301,1.2869,0.36833,-0.046706,0.86,-4.557
-0.55789,-0.081574,-1.1495,-0.071947,1.3777,0.39589,0.22238,0.86,-4.6843
-0.57827,-0.091433,-1.2312,-0.081471,1.4753,0.35259,-0.24435,0.86,-4.7079
-0.57969,-0.10148,-1.2798,-0.091516,1.5603,0.40088,0.063819,0.86,-4.6342
-0.587,-0.11209,-1.3482,-0.10203,1.6579,0.39445,-0.014242,0.86,-4.7793
-0.58761,-0.12311,-1.4096,-0.11306,1.7529,0.33173,0.0501,0.86,-4.6028
-0.58585,-0.13459,-1.4744,-0.1246,1.8299,0.38273,0.076672,0.86,-4.7938
-0.58046,-0.14653,-1.5392,-0.13665,1.9203,0.32352,0.099311,0.86,-4.7
-0.57105,-0.15891,-1.6042,-0.14923,1.9938,0.39399,0.014471,0.86,-4.5969
-0.554,-0.17165,-1.6621,-0.16229,2.086,0.37364,0.12683,0.86,-4.5686
-0.53552,-0.18485,-1.7262,-0.17585,2.1719,0.38119,0.18169,0.86,-4.5742
-0.5136,-0.19852,-1.7923,-0.18992,2.2591,0.32033,-0.079358,0.86,-4.6484
-0.47795,-0.2124,-1.839,-0.20445,2.329,0.33688,-0.19611,0.86,-4.7014
-0.43323,-0.22645,-1.876,-0.21931,2.4029,0.35774,0.2149,0.86,-4.5677
-0.39621,-0.24104,-1.9395,-0.23457,2.4819,0.35831,-0.016071,0.86,-4.7883
-0.34613,-0.25584,-1.9853,-0.25027,2.5604,0.33643,-0.14398,0.86,-4.7879
-0.28621,-0.2708,-2.0206,-0.2663,2.6323,0.34614,-0.21278,0.86,-4.5533
-0.21824,-0.28587,-2.0502,-0.28258,2.7063,0.34668,0.029092,0.86,-4.604
-0.15223,-0.30128,-2.0943,-0.29916,2.7798,0.39761,-0.11978,0.86,-4.7847
-0.075508,-0.31681,-2.1263,-0.31605,2.8668,0.36325,-0.23844,0.86,-4.7813
0.011037,-0.33239,-2.1486,-0.33315,2.9436,0.32597,0.21244,0.86,-4.5479
0.089222,-0.34841,-2.2001,-0.35054,3.0096,0.31603,0.23431,0.86,-4.5647
0.173,-0.36476,-2.2513,-0.36835,3.0723,0.33548,-0.21878,0.86,-4.5483
0.27773,-0.38101,-2.27,-0.38644,3.1398,0.37075,-0.22707,0.86,-4.696
0.38894,-0.3973,-2.2861,-0.40466,3.2165,0.32978,0.21153,0.86,-4.6407
0.49242,-0.41397,-2.3303,-0.42313,3.2814,0.35677,0.023118,0.86,-4.7168
0.60849,-0.43073,-2.3597,-0.44189,3.3531,0.40096,-0.15034,0.86,-4.7632
0.73668,-0.44745,-2.3755,-0.46083,3.4364,0.337,0.09443,0.86,-4.6618
0.86358,-0.46439,-2.4062,-0.47996,3.5015,0.36751,-0.13165,0.86,-4.6983
1.0044,-0.48128,-2.4198,-0.49926,3.5744,0.38042,-0.15814,0.86,-4.7015
1.1527,-0.49813,-2.4298,-0.51866,3.6503,0.36311,-0.014185,0.86,-4.7814
1.3029,-0.51507,-2.4477,-0.53818,3.7208,0.35744,0.056547,0.86,-4.5479
1.4576,-0.5321,-2.4691,-0.55784,3.7892,0.3458,0.21982,0.86,-4.7696
1.6138,-0.54932,-2.4992,-0.57772,3.8539,0.39579,-0.22227,0.86,-4.6101
1.7911,-0.56629,-2.4979,-0.59771,3.9318,0.35936,-0.21677,0.86,-4.706
1.9748,-0.58314,-2.495,-0.61768,3.999,0.38623,0.12157,0.86,-4.728
2.1544,-0.60015,-2.5134,-0.63772,4.0731,0.37629,0.19234,0.86,-4.585
2.3385,-0.61724,-2.535,-0.65791,4.1439,0.38459,0.074289,0.86,-4.7411
2.5333,-0.63428,-2.5465,-0.67824,4.2164,0.32168,-0.17151,0.86,-4.6243
2.7429,-0.6511,-2.5398,-0.69858,4.2711,0.3345,0.20041,0.86,-4.7099
2.9472,-0.66807,-2.5565,-0.71897,4.3288,0.39466,-0.10686,0.86,-4.6172
3.1682,-0.6848,-2.5508,-0.7394,4.4026,0.40517,0.11388,0.86,-4.6421
3.389,-0.70155,-2.5584,-0.75984,4.4786,0.32881,0.0085714,0.86,-4.7376
3.6198,-0.71817,-2.5568,-0.7803,4.5332,0.38105,0.10656,0.86,-4.6806
3.8544,-0.73474,-2.5604,-0.80077,4.6016,0.36971,-0.0058128,0.86,-4.6361
4.0993,-0.75114,-2.5548,-0.82123,4.6663,0.33055,0.028788,0.86,-4.6193
4.3498,-0.76742,-2.55,-0.84165,4.7198,0.39538,-0.20289,0.86,-4.6298
4.6143,-0.78335,-2.5278,-0.86196,4.7907,0.38681,-0.051776,0.86,-4.7496
4.8806,-0.79913,-2.5141,-0.88213,4.8587,0.3922,-0.19702,0.86,-4.6235
5.158,-0.81458,-2.4893,-0.90215,4.9275,0.33085,0.076945,0.86,-4.7301
5.433,-0.82996,-2.4814,-0.92203,4.979,0.32681,0.10643,0.86,-4.7679
5.7134,-0.8452,-2.4739,-0.94185,5.029,0.3253,0.16129,0.86,-4.6912
5.9985,-0.86032,-2.4688,-0.96163,5.0782,0.32917,0.15598,0.86,-4.7538
6.2901,-0.8753,-2.4617,-0.98135,5.128,0.39498,-0.19866,0.86,-4.5839
6.5995,-0.88983,-2.4295,-1.0009,5.1955,0.33606,-0.072921,0.86,-4.7892
6.911,-0.90411,-2.4041,-1.0203,5.2463,0.35054,-0.24375,0.86,-4.7401
7.2339,-0.91796,-2.3658,-1.0393,5.3007,0.36017,0.019175,0.86,-4.7171
7.5544,-0.93163,-2.3442,-1.0582,5.3573,0.36946,0.18628,0.86,-4.6314
7.8754,-0.94518,-2.3328,-1.0769,5.416,0.41208,0.2363,0.86,-4.5902
8.2008,-0.95859,-2.3236,-1.0955,5.4859,0.37571,0.22142,0.86,-4.674
8.5326,-0.97183,-2.3119,-1.1141,5.5452,0.37232,0.0029063,0.86,-4.5692
8.8773,-0.98471,-2.2843,-1.1324,5.6032,0.34454,-0.21501,0.86,-4.7536
9.2346,-0.9971,-2.2404,-1.1505,5.6531,0.38193,-0.080031,0.86,-4.7352
9.593,-1.0092,-2.2047,-1.1683,5.7128,0.39224,0.11966,0.86,-4.6278
9.9505,-1.0211,-2.1816,-1.1859,5.7749,0.3254,0.07609,0.86,-4.7455
10.315,-1.0327,-2.1543,-1.2032,5.8181,0.35587,-0.041818,0.86,-4.7739
10.688,-1.0438,-2.1179,-1.2203,5.8694,0.37553,0.24451,0.86,-4.712
11.057,-1.0549,-2.1,-1.2372,5.9257,0.40691,0.17568,0.86,-4.63
11.434,-1.0657,-2.0766,-1.2539,5.9901,0.33843,-0.17496,0.86,-4.7349
11.827,-1.076,-2.0283,-1.2703,6.0352,0.3235,-0.21093,0.86,-4.7238
12.226,-1.0858,-1.9767,-1.2863,6.0759,0.41149,-0.207,0.86,-4.715
12.63,-1.0951,-1.9247,-1.3019,6.1403,0.38812,-0.22554,0.86,-4.6555
13.038,-1.1039,-1.8709,-1.3171,6.1979,0.38815,0.06574,0.86,-4.7785
13.442,-1.1125,-1.8358,-1.3319,6.255,0.32779,0.14276,0.86,-4.5806
13.847,-1.1208,-1.8057,-1.3465,6.2951,0.34135,0.028217,0.86,-4.7811
14.261,-1.1287,-1.7667,-1.3608,6.3386,0.39734,0.014091,0.86,-4.6743
14.679,-1.1363,-1.7264,-1.3748,6.3971,0.41214,0.14465,0.86,-4.6991
15.096,-1.1436,-1.6942,-1.3884,6.4592,0.37467,-0.042949,0.86,-4.7282
15.524,-1.1505,-1.6488,-1.4018,6.5105,0.40241,0.20898,0.86,-4.6279
15.948,-1.1571,-1.6201,-1.4149,6.569,0.33786,0.14594,0.86,-4.5755
16.377,-1.1634,-1.5866,-1.4277,6.6094,0.37204,-0.16054,0.86,-4.6916
16.82,-1.1692,-1.5318,-1.4402,6.6588,0.32891,0.16486,0.86,-4.6995
17.255,-1.1748,-1.4986,-1.4523,6.696,0.37313,-0.081599,0.86,-4.7864
17.702,-1.1799,-1.4481,-1.4641,6.745,0.37101,0.018912,0.86,-4.7555
18.149,-1.1846,-1.4042,-1.4755,6.793,0.36804,-0.15837,0.86,-4.7062
18.605,-1.1888,-1.3481,-1.4865,6.8398,0.31875,-0.028096,0.86,-4.6985
19.059,-1.1926,-1.3007,-1.4971,6.8728,0.34401,0.17768,0.86,-4.6473
19.509,-1.1962,-1.2672,-1.5074,6.9124,0.34915,-0.021653,0.86,-4.5515
19.969,-1.1994,-1.2201,-1.5173,6.9531,0.39613,0.11154,0.86,-4.6207
20.426,-1.2023,-1.1818,-1.5269,7.0064,0.39876,0.1693,0.86,-4.5991
20.885,-1.2049,-1.1474,-1.5363,7.06,0.38439,-0.20016,0.86,-4.7916
21.357,-1.2069,-1.0874,-1.5452,7.1092,0.37618,-0.080308,0.86,-4.726
21.828,-1.2086,-1.0358,-1.5537,7.1557,0.36163,0.055655,0.86,-4.6091
22.297,-1.2099,-0.99363,-1.5618,7.1979,0.36543,-0.12181,0.86,-4.716
22.773,-1.2107,-0.93931,-1.5695,7.2408,0.35123,0.19896,0.86,-4.6528
23.241,-1.2114,-0.90699,-1.5769,7.2795,0.3836,0.22919,0.86,-4.571
23.709,-1.2118,-0.87696,-1.5841,7.3267,0.33689,-0.2327,0.86,-4.7586
24.194,-1.2117,-0.81537,-1.5908,7.3608,0.32104,-0.10693,0.86,-4.6281
24.676,-1.2111,-0.76286,-1.5971,7.3902,0.32193,0.0095482,0.86,-4.7216
25.155,-1.2102,-0.71833,-1.6031,7.4196,0.35335,-0.21505,0.86,-4.6381
25.643,-1.2088,-0.65906,-1.6086,7.4574,0.38089,-0.028761,0.86,-4.7307
26.126,-1.2071,-0.6126,-1.6137,7.5025,0.35104,0.20122,0.86,-4.7173
26.602,-1.2053,-0.58212,-1.6184,7.539,0.41025,0.077175,0.86,-4.6618
27.084,-1.2031,-0.54368,-1.6229,7.5915,0.394,-0.12972,0.86,-4.5645
27.572,-1.2004,-0.49183,-1.6271,7.6391,0.39868,-0.20132,0.86,-4.6979
28.063,-1.1973,-0.43536,-1.6308,7.6876,0.40116,-0.0945,0.86,-4.7039
28.552,-1.1939,-0.38666,-1.6341,7.7364,0.36311,0.19998,0.86,-4.7522
29.031,-1.1904,-0.35836,-1.6371,7.7744,0.31603,0.061334,0.86,-4.7132
29.515,-1.1865,-0.32123,-1.6398,7.7992,0.39839,-0.23093,0.86,-4.6743
30.008,-1.1821,-0.26497,-1.6421,7.8463,0.33666,-0.24153,0.86,-4.737
30.501,-1.1773,-0.20854,-1.644,7.8762,0.34681,-0.097858,0.86,-4.646
30.99,-1.1722,-0.16276,-1.6455,7.9085,0.41325,-0.12317,0.86,-4.7327
31.479,-1.1668,-0.1158,-1.6466,7.9589,0.36332,0.16502,0.86,-4.5552
31.958,-1.1613,-0.089471,-1.6474,7.9952,0.36381,0.14968,0.86,-4.7363
32.438,-1.1556,-0.062392,-1.648,8.0313,0.34219,-0.24882,0.86,-4.7464
32.929,-1.1494,-0.0090213,-1.6483,8.0611,0.40024,0.23582,0.86,-4.6978
33.404,-1.1432,0.010594,-1.6483,8.1067,0.32636,0.15693,0.86,-4.5787
33.882,-1.1368,0.034591,-1.6481,8.1317,0.36629,0.067412,0.86,-4.5896
34.361,-1.1302,0.063923,-1.6478,8.1674,0.41458,-0.13013,0.86,-4.7793
34.846,-1.1233,0.10623,-1.6471,8.216,0.38363,0.2477,0.86,-4.6852
35.317,-1.1164,0.12188,-1.6462,8.2558,0.31917,-0.20237,0.86,-4.7217
35.803,-1.1091,0.16731,-1.645,8.2776,0.35498,0.074969,0.86,-4.7186
36.278,-1.1016,0.19302,-1.6436,8.309,0.37981,0.13097,0.86,-4.764
36.75,-1.0941,0.21418,-1.6419,8.347,0.39697,0.055497,0.86,-4.729
37.223,-1.0864,0.23952,-1.6401,8.3894,0.32404,-0.054917,0.86,-4.7032
37.698,-1.0784,0.27138,-1.6381,8.4115,0.35663,-0.19892,0.86,-4.6984
38.177,-1.0701,0.31205,-1.6357,8.4423,0.35446,-0.16752,0.86,-4.7867
38.653,-1.0616,0.34976,-1.6331,8.4722,0.33011,0.025236,0.86,-4.7702
39.121,-1.053,0.37337,-1.6302,8.4953,0.34845,0.017374,0.86,-4.5936
39.588,-1.0443,0.39618,-1.6271,8.5232,0.4114,0.19403,0.86,-4.6372
40.048,-1.0356,0.40615,-1.6239,8.5682,0.36014,-0.16067,0.86,-4.7437
40.517,-1.0266,0.43942,-1.6205,8.5987,0.36157,0.0091726,0.86,-4.7885
40.979,-1.0175,0.46025,-1.6169,8.6294,0.32592,0.0062626,0.86,-4.7007
41.44,-1.0083,0.48008,-1.6132,8.65,0.31537,-0.17448,0.86,-4.6901
41.904,-0.99892,0.51112,-1.6092,8.6676,0.37262,-0.05472,0.86,-4.5489
42.362,-0.98942,0.53267,-1.605,8.7008,0.36397,0.054093,0.86,-4.75
42.815,-0.9799,0.54623,-1.6007,8.7313,0.31468,0.13736,0.86,-4.6983
43.263,-0.97041,0.55303,-1.5963,8.7481,0.36855,0.17886,0.86,-4.6692
43.708,-0.96096,0.55598,-1.5919,8.7795,0.39171,-0.095384,0.86,-4.6562
44.159,-0.95133,0.5765,-1.5873,8.817,0.4026,-0.081488,0.86,-4.7507
44.609,-0.9416,0.59522,-1.5827,8.8572,0.35774,0.11955,0.86,-4.7435
45.049,-0.93197,0.59926,-1.5779,8.8847,0.41014,0.19859,0.86,-4.706
45.485,-0.92243,0.59689,-1.5731,8.9265,0.37161,-0.10206,0.86,-4.6665
45.928,-0.91273,0.61384,-1.5682,8.9573,0.33129,0.23404,0.86,-4.7199
46.359,-0.90323,0.6071,-1.5634,8.9768,0.32507,0.00042111,0.86,-4.733
46.795,-0.89366,0.61528,-1.5585,8.9945,0.3291,0.084019,0.86,-4.5667
47.226,-0.88416,0.61646,-1.5535,9.0131,0.36363,0.18372,0.86,-4.7217
47.652,-0.8748,0.61026,-1.5486,9.041,0.38193,0.24005,0.86,-4.7205
48.075,-0.86559,0.59934,-1.5438,9.0738,0.41416,-0.2476,0.86,-4.6821
48.51,-0.85613,0.62046,-1.5389,9.1151,0.39136,-0.021751,0.86,-4.662
48.937,-0.84675,0.62521,-1.5339,9.1498,0.41136,0.12235,0.86,-4.5547
49.357,-0.83751,0.61902,-1.529,9.1898,0.35019,0.012377,0.86,-4.6195
49.778,-0.8283,0.61951,-1.524,9.2126,0.40498,0.045973,0.86,-4.6648
50.196,-0.81917,0.6169,-1.5191,9.2503,0.36714,0.13453,0.86,-4.7377
50.609,-0.8102,0.60754,-1.5142,9.2773,0.33233,0.011945,0.86,-4.5757
51.025,-0.80125,0.60528,-1.5093,9.2946,0.33561,0.23301,0.86,-4.6046
51.431,-0.79257,0.58724,-1.5045,9.3126,0.34343,-0.075584,0.86,-4.7816
51.845,-0.78383,0.58966,-1.4998,9.3326,0.35552,-0.19119,0.86,-4.6892
52.261,-0.77504,0.59882,-1.4951,9.3558,0.37852,0.13792,0.86,-4.6759
52.665,-0.76651,0.58476,-1.4903,9.3851,0.39209,-0.17212,0.86,-4.7887
53.076,-0.75788,0.59113,-1.4856,9.4179,0.33406,-0.20404,0.86,-4.7594
53.487,-0.74924,0.5987,-1.4809,9.4345,0.38559,-0.0087336,0.86,-4.6612
53.889,-0.74075,0.59194,-1.4761,9.4651,0.41136,-0.013443,0.86,-4.5688
54.289,-0.73238,0.5845,-1.4714,9.5025,0.32497,0.042913,0.86,-4.5762
54.686,-0.72416,0.57245,-1.4668,9.516,0.3657,-0.085148,0.86,-4.6542
55.086,-0.71599,0.56845,-1.4622,9.5405,0.34725,0.22941,0.86,-4.7765
55.473,-0.70817,0.54263,-1.4578,9.5597,0.34434,0.034119,0.86,-4.7392
55.865,-0.70044,0.52928,-1.4535,9.578,0.38626,-0.23279,0.86,-4.644
56.264,-0.69264,0.53307,-1.4492,9.6077,0.39845,-0.019787,0.86,-4.6713
56.654,-0.68504,0.52171,-1.445,9.6404,0.40904,-0.002524,0.86,-4.6901
57.042,-0.6776,0.5085,-1.4409,9.6758,0.32393,-0.19832,0.86,-4.5801
57.435,-0.67015,0.50763,-1.4368,9.6876,0.31791,-0.040409,0.86,-4.7049
57.821,-0.66288,0.49559,-1.4328,9.6976,0.393,0.21774,0.86,-4.619
58.197,-0.65598,0.46523,-1.429,9.7282,0.32117,-0.11559,0.86,-4.7121
58.582,-0.64908,0.45707,-1.4253,9.7388,0.35509,-0.054359,0.86,-4.5945
58.964,-0.64234,0.44386,-1.4217,9.7586,0.33305,0.18183,0.86,-4.7186
59.337,-0.63595,0.41431,-1.4182,9.7722,0.4133,0.0069448,0.86,-4.6937
59.715,-0.62969,0.39603,-1.415,9.8077,0.4027,-0.098095,0.86,-4.664
60.094,-0.62352,0.38426,-1.4119,9.84,0.37121,-0.22612,0.86,-4.5732
60.477,-0.61738,0.38039,-1.4088,9.8635,0.32234,-0.1544,0.86,-4.7098
60.855,-0.61138,0.37136,-1.4058,9.8733,0.41031,-0.0083944,0.86,-4.5736
61.228,-0.6056,0.3516,-1.4029,9.9072,0.40929,-0.048043,0.86,-4.7513
61.602,-0.59999,0.3344,-1.4002,9.9406,0.4107,0.13906,0.86,-4.6452
61.968,-0.59471,0.30384,-1.3976,9.974,0.40206,0.022675,0.86,-4.7865
62.337,-0.5896,0.28106,-1.3953,10.005,0.36995,0.097953,0.86,-4.7269
62.702,-0.58477,0.25265,-1.3931,10.027,0.32571,-0.1997,0.86,-4.5876
63.077,-0.57995,0.24373,-1.3912,10.036,0.34955,-0.048739,0.86,-4.647
63.446,-0.57536,0.22428,-1.3893,10.052,0.36744,-0.090526,0.86,-4.6133
63.815,-0.57091,0.20721,-1.3876,10.073,0.4019,-0.23236,0.86,-4.6052
64.188,-0.56651,0.19935,-1.3859,10.103,0.36649,-0.22444,0.86,-4.6674
64.561,-0.56221,0.19068,-1.3844,10.123,0.36686,0.0025805,0.86,-4.7579
64.925,-0.5582,0.16645,-1.3829,10.143,0.36453,0.020438,0.86,-4.7455
65.288,-0.55441,0.14069,-1.3817,10.162,0.39485,0.0076572,0.86,-4.6949
65.651,-0.55085,0.11543,-1.3807,10.189,0.36825,0.17409,0.86,-4.5523
66.008,-0.54764,0.07836,-1.3799,10.209,0.34106,0.095833,0.86,-4.6474
66.368,-0.54468,0.046631,-1.3794,10.221,0.31568,-0.018591,0.86,-4.6777
66.731,-0.5419,0.022555,-1.3791,10.227,0.31961,0.067316,0.86,-4.7507
67.092,-0.5394,-0.0073523,-1.3791,10.233,0.37815,-0.040972,0.86,-4.7572
67.455,-0.53705,-0.030035,-1.3792,10.255,0.33255,0.081895,0.86,-4.7787
67.815,-0.53501,-0.06112,-1.3796,10.264,0.31915,-0.057341,0.86,-4.5926
68.179,-0.5331,-0.083237,-1.3802,10.27,0.34757,-0.14709,0.86,-4.5579
68.547,-0.53131,-0.099446,-1.3809,10.284,0.41247,0.18551,0.86,-4.7708
68.904,-0.52993,-0.13782,-1.3818,10.315,0.38756,0.22425,0.86,-4.5848
69.26,-0.5289,-0.17917,-1.3831,10.339,0.33839,0.2249,0.86,-4.638
69.616,-0.5282,-0.22037,-1.3847,10.35,0.32913,0.18868,0.86,-4.7264
69.974,-0.5278,-0.25882,-1.3866,10.357,0.40992,-0.0011957,0.86,-4.6245
70.339,-0.52754,-0.2845,-1.3888,10.387,0.35437,0.093581,0.86,-4.6745
70.702,-0.52757,-0.3164,-1.3912,10.402,0.40347,0.086473,0.86,-4.7435
71.066,-0.52784,-0.34753,-1.3939,10.43,0.39588,-0.2288,0.86,-4.7053
71.441,-0.5281,-0.35724,-1.3967,10.455,0.33513,0.13567,0.86,-4.6842
71.805,-0.52873,-0.39158,-1.3997,10.464,0.39994,-0.17293,0.86,-4.6084
72.18,-0.52936,-0.40499,-1.4029,10.49,0.32594,-0.08133,0.86,-4.5901
72.553,-0.53018,-0.4245,-1.4062,10.496,0.35954,0.18348,0.86,-4.5983
72.918,-0.53137,-0.46175,-1.4097,10.511,0.39867,-0.052829,0.86,-4.6165
73.293,-0.53264,-0.48268,-1.4135,10.537,0.38432,0.12589,0.86,-4.7431
73.663,-0.53422,-0.51522,-1.4175,10.558,0.34059,-0.13618,0.86,-4.7129
74.042,-0.53582,-0.52978,-1.4217,10.567,0.40273,-0.0076986,0.86,-4.7932
74.419,-0.53764,-0.55264,-1.426,10.594,0.33734,-0.16771,0.86,-4.5476
74.803,-0.53949,-0.5649,-1.4305,10.602,0.36137,0.15666,0.86,-4.6271
75.177,-0.5417,-0.59871,-1.4351,10.616,0.32399,0.029798,0.86,-4.7089
75.557,-0.54405,-0.62338,-1.44,10.621,0.3934,-0.17465,0.86,-4.7928
75.945,-0.5464,-0.6337,-1.445,10.644,0.38553,-0.1255,0.86,-4.7628
76.333,-0.54887,-0.64712,-1.4502,10.665,0.32857,-0.082649,0.86,-4.7334
76.722,-0.55146,-0.66319,-1.4554,10.67,0.41202,0.025136,0.86,-4.6577
77.108,-0.55425,-0.68639,-1.4608,10.698,0.33711,0.073712,0.86,-4.5469
77.495,-0.55724,-0.71271,-1.4664,10.705,0.41456,0.1726,0.86,-4.7308
77.881,-0.5605,-0.74493,-1.4722,10.734,0.37789,0.20736,0.86,-4.7691
78.267,-0.56403,-0.77894,-1.4783,10.752,0.40068,0.077993,0.86,-4.563
78.66,-0.56769,-0.80413,-1.4847,10.776,0.38986,0.069288,0.86,-4.7563
79.055,-0.57151,-0.82784,-1.4912,10.797,0.34841,0.13253,0.86,-4.7747
79.45,-0.57555,-0.8553,-1.4979,10.807,0.39212,0.00037504,0.86,-4.5509
79.852,-0.57967,-0.87375,-1.5048,10.828,0.36495,0.22434,0.86,-4.6861
80.249,-0.58409,-0.90659,-1.512,10.842,0.35633,-0.17082,0.86,-4.5647
80.66,-0.58841,-0.91234,-1.5192,10.854,0.3783,0.21725,0.86,-4.6663
81.062,-0.59308,-0.94368,-1.5267,10.871,0.38748,-0.1631,0.86,-4.7534
81.478,-0.59764,-0.9485,-1.5342,10.891,0.36424,-0.12377,0.86,-4.6034
81.896,-0.60224,-0.95581,-1.5419,10.904,0.36042,0.12848,0.86,-4.5494
82.308,-0.60707,-0.9798,-1.5496,10.916,0.33502,-0.18968,0.86,-4.5995
82.732,-0.6118,-0.98157,-1.5574,10.921,0.3579,0.21008,0.86,-4.5631
83.146,-0.61685,-1.01,-1.5654,10.932,0.34429,0.15035,0.86,-4.7427
83.565,-0.62203,-1.0333,-1.5736,10.939,0.36073,0.11803,0.86,-4.5464
83.987,-0.62734,-1.0543,-1.5819,10.951,0.34337,0.1897,0.86,-4.6959
84.41,-0.63284,-1.0792,-1.5905,10.958,0.39817,0.22945,0.86,-4.6422
84.834,-0.63853,-1.1062,-1.5992,10.98,0.33544,0.20256,0.86,-4.7437
85.262,-0.64437,-1.1304,-1.6082,10.984,0.36102,-0.22361,0.86,-4.7141
85.707,-0.65,-1.1252,-1.6172,10.996,0.41029,0.10629,0.86,-4.6181
86.144,-0.65584,-1.142,-1.6262,11.021,0.35818,0.21546,0.86,-4.7387
86.58,-0.66186,-1.1653,-1.6355,11.031,0.32284,0.062706,0.86,-4.7017
87.024,-0.66789,-1.1776,-1.6449,11.032,0.34244,0.013141,0.86,-4.6016
87.473,-0.67394,-1.1861,-1.6543,11.038,0.36786,0.2052,0.86,-4.7314
87.919,-0.68018,-1.2066,-1.6639,11.051,0.34893,0.196,0.86,-4.6364
88.367,-0.68652,-1.2261,-1.6736,11.059,0.31476,0.16698,0.86,-4.5553
88.82,-0.69296,-1.243,-1.6835,11.057,0.39847,0.034478,0.86,-4.7671
89.281,-0.69937,-1.2497,-1.6935,11.078,0.32624,0.11971,0.86,-4.7916
89.742,-0.70587,-1.2616,-1.7035,11.079,0.36488,-0.063017,0.86,-4.6451
90.211,-0.71226,-1.2606,-1.7136,11.091,0.38741,0.14412,0.86,-4.7077
90.678,-0.71878,-1.2729,-1.7237,11.109,0.38213,0.0821,0.86,-4.7938
91.149,-0.7253,-1.2801,-1.7339,11.125,0.40992,-0.19333,0.86,-4.732
91.633,-0.7316,-1.2681,-1.7441,11.149,0.34312,-0.039024,0.86,-4.6831
92.114,-0.7379,-1.2661,-1.7543,11.154,0.39006,-0.11224,0.86,-4.714
92.601,-0.74407,-1.2584,-1.7644,11.173,0.40456,-0.055862,0.86,-4.5962
93.09,-0.75019,-1.2543,-1.7744,11.195,0.36856,-0.18851,0.86,-4.6728
93.585,-0.75613,-1.2403,-1.7844,11.206,0.3273,-0.12686,0.86,-4.549
94.082,-0.76197,-1.2303,-1.7943,11.207,0.41354,0.18166,0.86,-4.5697
94.572,-0.76796,-1.2406,-1.8042,11.231,0.38475,0.042331,0.86,-4.7624
95.069,-0.77386,-1.2404,-1.8141,11.247,0.38572,-0.13663,0.86,-4.7744
95.575,-0.77958,-1.2274,-1.824,11.263,0.32058,0.23,0.86,-4.6069
96.072,-0.78546,-1.2391,-1.8338,11.262,0.35133,0.083894,0.86,-4.6765
96.577,-0.79127,-1.2401,-1.8437,11.268,0.31847,0.19295,0.86,-4.663
97.081,-0.79715,-1.248,-1.8537,11.266,0.3576,-0.21704,0.86,-4.6608
97.601,-0.8027,-1.2275,-1.8636,11.274,0.32615,-0.22128,0.86,-4.6958
98.125,-0.80805,-1.2061,-1.8733,11.274,0.31685,0.20429,0.86,-4.7347
98.638,-0.81356,-1.2131,-1.883,11.271,0.35085,-0.18603,0.86,-4.7259
99.166,-0.81876,-1.193,-1.8926,11.277,0.37365,-0.012803,0.86,-4.7646
99.691,-0.82391,-1.1842,-1.9021,11.29,0.35122,-0.0067891,0.86,-4.7614
100.22,-0.82896,-1.1753,-1.9116,11.296,0.33856,0.2249,0.86,-4.5796
100.74,-0.8341,-1.1819,-1.921,11.299,0.36556,-0.0022617,0.86,-4.7319
101.27,-0.83907,-1.1724,-1.9304,11.31,0.4026,-0.17884,0.86,-4.7189
101.82,-0.84379,-1.1505,-1.9397,11.33,0.3675,0.13662,0.86,-4.6764
102.35,-0.84856,-1.1496,-1.9489,11.34,0.34069,-0.15799,0.86,-4.6619
102.9,-0.85306,-1.1283,-1.958,11.344,0.3477,0.062148,0.86,-4.7504
103.44,-0.85753,-1.1214,-1.967,11.349,0.40635,-0.21479,0.86,-4.7339
103.99,-0.8617,-1.0954,-1.9759,11.37,0.36488,-0.16236,0.86,-4.6096
104.55,-0.86567,-1.0729,-1.9846,11.379,0.35124,-0.066016,0.86,-4.7684
105.1,-0.86953,-1.0562,-1.9931,11.385,0.34917,-0.16985,0.86,-4.746
105.66,-0.87314,-1.0323,-2.0014,11.39,0.35455,-0.10208,0.86,-4.6347
106.22,-0.87659,-1.013,-2.0096,11.396,0.31667,-0.025531,0.86,-4.7375
106.78,-0.87994,-0.99831,-2.0177,11.392,0.34609,-0.084696,0.86,-4.5737
107.34,-0.8831,-0.97972,-2.0256,11.397,0.32734,0.17648,0.86,-4.7006
107.9,-0.8863,-0.9783,-2.0334,11.396,0.39541,0.040443,0.86,-4.7186
108.46,-0.88937,-0.96732,-2.0412,11.413,0.39754,-0.04261,0.86,-4.6116
109.03,-0.89226,-0.95069,-2.0489,11.431,0.34461,-0.18846,0.86,-4.7406
109.6,-0.89487,-0.9237,-2.0564,11.435,0.33324,0.085996,0.86,-4.6592
110.17,-0.89749,-0.91531,-2.0637,11.435,0.33595,0.23082,0.86,-4.623
110.73,-0.90014,-0.91657,-2.0711,11.436,0.34695,-0.22622,0.86,-4.6772
111.32,-0.90241,-0.88652,-2.0783,11.44,0.34231,-0.076751,0.86,-4.7795
111.9,-0.90455,-0.86628,-2.0853,11.443,0.36541,-0.15488,0.86,-4.6003
112.48,-0.90645,-0.841,-2.0921,11.452,0.3293,0.1632,0.86,-4.6397
113.05,-0.90841,-0.83707,-2.0988,11.451,0.31509,0.20731,0.72473,-4.6683
113.64,-0.91017,-0.82179,-2.1055,11.446,0.40451,0.11495,1.0267,-4.7603
114.21,-0.91214,-0.83145,-2.1121,11.466,0.3543,-0.10897,1.0267,-4.6107
114.79,-0.91399,-0.82602,-2.1187,11.472,0.32695,0.22705,1.0267,-4.7261
115.36,-0.91607,-0.84293,-2.1254,11.47,0.35446,0.18426,1.0267,-4.7792
115.93,-0.91822,-0.85655,-2.1322,11.476,0.34871,0.010519,1.0267,-4.6653
116.51,-0.92033,-0.85837,-2.139,11.48,0.37724,0.18541,1.0267,-4.5579
117.09,-0.92258,-0.87203,-2.146,11.492,0.38916,0.0094523,1.0267,-4.5651
117.67,-0.92478,-0.87348,-2.1529,11.508,0.35499,-0.22903,1.0267,-4.7851
118.27,-0.92678,-0.8581,-2.1599,11.513,0.34436,-0.030862,1.0267,-4.5645
118.86,-0.92881,-0.85646,-2.1667,11.516,0.32434,0.044427,1.0267,-4.6179
119.45,-0.93088,-0.85961,-2.1736,11.513,0.34931,0.061979,1.0267,-4.5761
120.04,-0.93297,-0.86381,-2.1805,11.517,0.38097,0.026291,1.0267,-4.6171
120.63,-0.93505,-0.86528,-2.1874,11.53,0.39924,0.034977,1.0267,-4.5555
121.23,-0.93713,-0.86725,-2.1943,11.548,0.36408,0.16417,1.0267,-4.7222
121.82,-0.93933,-0.87739,-2.2013,11.556,0.33794,0.049805,1.0267,-4.7237
122.42,-0.9415,-0.87952,-2.2083,11.556,0.38987,-0.070252,1.0267,-4.6863
123.03,-0.94356,-0.87338,-2.2153,11.571,0.32356,-0.096481,1.0267,-4.5822
123.64,-0.94555,-0.86551,-2.2223,11.568,0.41002,-0.13736,1.0267,-4.5503
124.25,-0.94743,-0.85476,-2.2292,11.588,0.38789,0.10569,1.0267,-4.6687
124.85,-0.94941,-0.86008,-2.236,11.602,0.4102,-0.24506,1.0267,-4.6576
125.47,-0.95113,-0.84146,-2.2428,11.622,0.3786,0.17016,1.0267,-4.5806
126.08,-0.95303,-0.851,-2.2496,11.633,0.36183,0.13377,1.0267,-4.7723
126.69,-0.95497,-0.85745,-2.2564,11.64,0.34228,-0.13154,1.0267,-4.7516
127.31,-0.95673,-0.84577,-2.2633,11.641,0.33737,-0.18813,1.0267,-4.6926
127.93,-0.95834,-0.83025,-2.27,11.641,0.37956,0.15384,1.0267,-4.685
128.55,-0.9601,-0.8378,-2.2766,11.652,0.32788,-0.038109,1.0267,-4.7933
129.17,-0.96174,-0.83192,-2.2833,11.649,0.40743,-0.055941,1.0267,-4.6231
129.79,-0.96332,-0.82504,-2.2899,11.668,0.34097,-0.17891,1.0267,-4.5717
130.42,-0.96473,-0.80983,-2.2965,11.669,0.35759,0.11643,1.0267,-4.7662
131.05,-0.96625,-0.81412,-2.303,11.674,0.37076,-0.035984,1.0267,-4.5709
131.68,-0.96768,-0.80833,-2.3095,11.683,0.34302,-0.20285,1.0267,-4.6836
132.31,-0.96891,-0.7909,-2.3159,11.684,0.33548,-0.10998,1.0267,-4.5676
132.95,-0.97007,-0.77995,-2.3222,11.683,0.33626,-0.096035,1.0267,-4.6495
133.58,-0.97115,-0.7697,-2.3283,11.682,0.38425,-0.03547,1.0267,-4.5739
134.22,-0.9722,-0.76364,-2.3345,11.694,0.36042,0.18792,1.0267,-4.7067
134.85,-0.97337,-0.77234,-2.3406,11.7,0.35165,-0.20383,1.0267,-4.6788
135.49,-0.97428,-0.75444,-2.3467,11.703,0.35205,-0.050458,1.0267,-4.7416
136.13,-0.97517,-0.74676,-2.3527,11.706,0.36446,0.16565,1.0267,-4.6481
136.77,-0.97618,-0.75386,-2.3587,11.713,0.31707,-0.079253,1.0267,-4.6822
137.41,-0.97703,-0.74417,-2.3647,11.707,0.39591,0.099978,1.0267,-4.6168
138.05,-0.97795,-0.7467,-2.3707,11.722,0.33,0.22204,1.0267,-4.7408
138.69,-0.97899,-0.75713,-2.3767,11.719,0.33539,0.22992,1.0267,-4.7498
139.33,-0.9801,-0.76793,-2.3828,11.718,0.32216,-0.15822,1.0267,-4.7625
139.99,-0.98098,-0.75227,-2.3889,11.713,0.35844,-0.20509,1.0267,-4.6671
140.64,-0.98168,-0.73362,-2.3948,11.718,0.40659,0.085071,1.0267,-4.7727
141.29,-0.98247,-0.73439,-2.4007,11.736,0.31908,-0.061266,1.0267,-4.5842
141.95,-0.98315,-0.72557,-2.4065,11.73,0.39621,-0.23226,1.0267,-4.6936
142.61,-0.98361,-0.70493,-2.4123,11.745,0.38422,-0.2247,1.0267,-4.7838
143.27,-0.98391,-0.68465,-2.4178,11.757,0.34072,0.14017,1.0267,-4.6291
143.92,-0.98435,-0.68944,-2.4233,11.757,0.40326,-0.00070225,1.0267,-4.6632
144.58,-0.98471,-0.68457,-2.4288,11.774,0.3752,0.035415,1.0267,-4.6598
145.24,-0.98506,-0.68212,-2.4343,11.783,0.32526,-0.047992,1.0267,-4.6081
145.9,-0.98532,-0.67412,-2.4397,11.778,0.32893,0.23918,1.0267,-4.6008
146.56,-0.98576,-0.68557,-2.4452,11.775,0.39062,0.02457,1.0267,-4.5892
147.22,-0.9861,-0.68243,-2.4506,11.788,0.41299,0.14824,1.0267,-4.6926
147.88,-0.98652,-0.68742,-2.4561,11.808,0.34008,-0.154,1.0267,-4.7893
148.55,-0.98673,-0.67169,-2.4615,11.807,0.32402,0.097574,1.0267,-4.5454
149.22,-0.98702,-0.67354,-2.4669,11.802,0.36994,0.078458,1.0267,-4.7464
149.88,-0.9873,-0.67364,-2.4723,11.809,0.37489,-0.19279,1.0267,-4.6936
150.56,-0.98736,-0.65546,-2.4776,11.818,0.35501,-0.075472,1.0267,-4.6314
151.24,-0.98738,-0.64543,-2.4828,11.821,0.35896,0.11188,1.0267,-4.6372
151.91,-0.98747,-0.64811,-2.488,11.825,0.36499,-0.075601,1.0267,-4.7893
152.58,-0.98743,-0.63775,-2.4931,11.831,0.34964,-0.1464,1.0267,-4.6735
153.26,-0.98725,-0.6229,-2.4982,11.833,0.38838,-0.11584,1.0267,-4.6832
153.94,-0.98698,-0.61018,-2.5031,11.845,0.40011,0.067664,1.0267,-4.7145
154.62,-0.98676,-0.60989,-2.508,11.861,0.33568,0.19964,1.0267,-4.606
155.29,-0.98665,-0.61878,-2.5129,11.858,0.36572,-0.24879,1.0267,-4.572
155.98,-0.98624,-0.59737,-2.5178,11.864,0.38844,-0.020354,1.0267,-4.6292
156.66,-0.98586,-0.59144,-2.5225,11.876,0.37513,-0.049903,1.0267,-4.7935
157.34,-0.98541,-0.58322,-2.5272,11.884,0.35678,-0.097481,1.0267,-4.7231
158.03,-0.98485,-0.57201,-2.5319,11.887,0.38912,0.0084684,1.0267,-4.7778
158.71,-0.98431,-0.56796,-2.5364,11.899,0.32357,0.0093649,1.0267,-4.5713
159.4,-0.98373,-0.56448,-2.5409,11.893,0.34855,-0.24855,1.0267,-4.6626
160.09,-0.98292,-0.54343,-2.5454,11.894,0.34126,0.099006,1.0267,-4.5704
160.78,-0.98223,-0.54626,-2.5497,11.893,0.38419,0.073639,1.0267,-4.5826
161.46,-0.98156,-0.5474,-2.5541,11.904,0.36004,-0.16177,1.0267,-4.7888
162.16,-0.9807,-0.53224,-2.5584,11.908,0.37988,-0.23164,1.0267,-4.6628
162.86,-0.97966,-0.51277,-2.5626,11.917,0.40324,0.22781,1.0267,-4.7359
163.54,-0.97887,-0.52443,-2.5668,11.933,0.39959,-0.16548,1.0267,-4.5607
164.24,-0.97785,-0.50987,-2.5709,11.947,0.39439,0.084437,1.0267,-4.6387
164.93,-0.97692,-0.51222,-2.575,11.96,0.35902,-0.028041,1.0267,-4.7155
165.62,-0.97593,-0.50688,-2.5791,11.963,0.32548,-0.13126,1.0267,-4.6332
166.32,-0.97482,-0.49485,-2.5831,11.957,0.35426,0.19205,1.0267,-4.6504
167.01,-0.97389,-0.50483,-2.5871,11.959,0.40313,0.058447,1.0267,-4.5613
167.7,-0.97293,-0.506,-2.5911,11.975,0.3197,-0.19761,1.0267,-4.7366
168.41,-0.97178,-0.48956,-2.5951,11.967,0.36939,0.19418,1.0267,-4.7857
169.1,-0.97083,-0.49973,-2.599,11.973,0.38924,-0.23068,1.0267,-4.5653
169.8,-0.96961,-0.48165,-2.603,11.984,0.36502,0.058804,1.0267,-4.6821
170.5,-0.96851,-0.48312,-2.6068,11.989,0.35175,-0.19936,1.0267,-4.7838
171.21,-0.9672,-0.46701,-2.6106,11.99,0.32782,-0.19688,1.0267,-4.7479
171.92,-0.96578,-0.45134,-2.6143,11.984,0.34812,-0.0065025,1.0267,-4.7912
172.62,-0.96441,-0.44868,-2.6179,11.984,0.373,-0.012982,1.0267,-4.579
173.32,-0.96302,-0.44617,-2.6215,11.991,0.39983,-0.15477,1.0267,-4.5961
174.03,-0.9615,-0.43418,-2.625,12.005,0.37278,0.21229,1.0267,-4.5724
174.73,-0.96021,-0.44728,-2.6285,12.012,0.39263,-0.035197,1.0267,-4.6528
175.43,-0.95881,-0.44354,-2.6321,12.024,0.38936,-0.22319,1.0267,-4.7488
176.14,-0.95725,-0.42703,-2.6356,12.035,0.40177,-0.2336,1.0267,-4.7533
176.86,-0.95555,-0.41004,-2.6389,12.049,0.33445,-0.22472,1.0267,-4.7539
177.57,-0.95374,-0.39389,-2.6421,12.045,0.36191,0.14829,1.0267,-4.6132
178.27,-0.95213,-0.40353,-2.6453,12.048,0.31993,-0.091381,1.0267,-4.672
178.98,-0.95041,-0.39694,-2.6485,12.04,0.34934,0.00037955,1.0267,-4.72
179.69,-0.94872,-0.39667,-2.6517,12.04,0.39214,-0.22877,1.0267,-4.6876
180.41,-0.94685,-0.38112,-2.6548,12.052,0.35671,-0.2084,1.0267,-4.6718
181.12,-0.94489,-0.36725,-2.6578,12.053,0.40887,0.020636,1.0267,-4.5737
181.83,-0.94302,-0.36933,-2.6608,12.07,0.33154,-0.091904,1.0267,-4.7922
182.55,-0.94109,-0.36352,-2.6637,12.064,0.31782,-0.0099844,1.0267,-4.6367
183.26,-0.93919,-0.3638,-2.6666,12.055,0.33459,-0.012812,1.0267,-4.6759
183.97,-0.93731,-0.36398,-2.6695,12.051,0.39609,0.13025,1.0267,-4.7236
184.68,-0.93556,-0.37394,-2.6725,12.064,0.4142,-0.24457,1.0267,-4.6627
185.4,-0.93359,-0.35879,-2.6754,12.081,0.35164,-0.092555,1.0267,-4.7538
186.11,-0.93164,-0.354,-2.6782,12.082,0.39507,-0.0051268,1.0267,-4.7929
186.82,-0.92974,-0.35527,-2.6811,12.094,0.33091,-0.024509,1.0267,-4.7747
187.54,-0.92785,-0.35544,-2.6839,12.088,0.31725,-0.1415,1.0267,-4.5719
188.26,-0.92587,-0.3483,-2.6867,12.079,0.39836,-0.18397,1.0267,-4.7358
188.98,-0.92381,-0.33818,-2.6895,12.092,0.38136,0.14386,1.0267,-4.5942
189.69,-0.92197,-0.35079,-2.6922,12.1,0.3586,-0.090795,1.0267,-4.5604
190.41,-0.92004,-0.34772,-2.695,12.102,0.40794,-0.17866,1.0267,-4.6535
191.13,-0.91802,-0.33871,-2.6978,12.118,0.32877,0.06243,1.0267,-4.729
191.84,-0.91615,-0.34611,-2.7005,12.111,0.33649,0.038489,1.0267,-4.5612
192.56,-0.91433,-0.35238,-2.7033,12.107,0.34343,0.14897,1.0267,-4.5628
193.27,-0.91266,-0.36628,-2.7062,12.105,0.38623,0.022806,1.0267,-4.7059
193.99,-0.91101,-0.37145,-2.7091,12.114,0.33128,0.13032,1.0267,-4.7642
194.7,-0.9095,-0.38391,-2.7122,12.109,0.37537,0.006841,1.0267,-4.7616
195.42,-0.908,-0.38812,-2.7152,12.115,0.32059,0.031892,1.0267,-4.5858
196.14,-0.90656,-0.39451,-2.7184,12.107,0.37925,0.20209,1.0267,-4.5553
196.86,-0.90533,-0.41261,-2.7216,12.114,0.38472,0.081286,1.0267,-4.7506
197.58,-0.90414,-0.42216,-2.7249,12.123,0.33246,-0.17891,1.0267,-4.6945
198.3,-0.90282,-0.4143,-2.7283,12.118,0.37139,-0.0031861,1.0267,-4.6048
199.03,-0.90159,-0.41868,-2.7316,12.123,0.39652,0.1813,1.0267,-4.6482
199.74,-0.90056,-0.43556,-2.735,12.135,0.40101,-0.052601,1.0267,-4.7735
200.47,-0.89948,-0.43637,-2.7385,12.149,0.34874,0.03362,1.0267,-4.7602
201.19,-0.89848,-0.44315,-2.742,12.147,0.32474,0.090944,1.0267,-4.5505
201.92,-0.89759,-0.45432,-2.7456,12.14,0.39167,0.1479,1.0267,-4.5758
202.64,-0.89684,-0.46932,-2.7493,12.151,0.39955,0.16617,1.0267,-4.6883
203.36,-0.89623,-0.48534,-2.7531,12.163,0.40311,0.041665,1.0267,-4.5972
204.09,-0.89565,-0.4931,-2.7571,12.177,0.37967,0.065523,1.0267,-4.5913
204.82,-0.89515,-0.50252,-2.761,12.184,0.38883,-0.1196,1.0267,-4.5485
205.55,-0.89457,-0.4995,-2.7651,12.194,0.33714,-0.042584,1.0267,-4.5632
206.28,-0.89404,-0.50174,-2.7691,12.189,0.32948,0.20652,1.0267,-4.6394
207.01,-0.89374,-0.52071,-2.7731,12.182,0.3825,0.11504,1.0267,-4.7572
207.74,-0.89351,-0.53319,-2.7774,12.19,0.31875,0.21777,1.0267,-4.7479
208.47,-0.89347,-0.55261,-2.7817,12.18,0.38292,0.21138,1.0267,-4.6343
209.2,-0.89358,-0.57174,-2.7862,12.188,0.3359,0.027254,1.0267,-4.7528
209.93,-0.89368,-0.57807,-2.7908,12.184,0.38434,0.0048171,1.0267,-4.6354
210.67,-0.89382,-0.58309,-2.7954,12.192,0.33346,0.14024,1.0267,-4.7393
211.4,-0.89411,-0.59702,-2.8002,12.186,0.34228,0.095101,1.0267,-4.5928
212.14,-0.89446,-0.60811,-2.805,12.183,0.32267,0.20354,1.0267,-4.6879
212.88,-0.89499,-0.62625,-2.8099,12.174,0.34389,0.21497,1.0267,-4.5508
213.61,-0.89568,-0.64531,-2.815,12.172,0.32208,-0.11964,1.0267,-4.7275
214.36,-0.89622,-0.64121,-2.8202,12.163,0.3662,-0.23307,1.0267,-4.5904
215.12,-0.89664,-0.62968,-2.8252,12.167,0.38214,-0.17129,1.0267,-4.591
215.87,-0.89702,-0.62233,-2.8302,12.175,0.3829,0.069518,1.0267,-4.7907
216.61,-0.89754,-0.63086,-2.8353,12.183,0.3951,-0.15813,1.0267,-4.693
217.37,-0.89793,-0.6241,-2.8403,12.194,0.39339,-0.07376,1.0267,-4.7628
218.12,-0.89833,-0.62289,-2.8453,12.205,0.4056,-0.036713,1.0267,-4.7517
218.87,-0.89876,-0.62417,-2.8503,12.219,0.32848,-0.026614,1.0267,-4.5876
219.63,-0.8992,-0.62643,-2.8553,12.212,0.34704,-0.17825,1.0267,-4.765
220.39,-0.89953,-0.618,-2.8602,12.209,0.40162,-0.17614,1.0267,-4.6898
221.15,-0.89979,-0.60987,-2.8651,12.222,0.38814,-0.043827,1.0267,-4.7022
221.91,-0.9001,-0.61068,-2.87,12.231,0.4138,-0.22002,1.0267,-4.641
222.67,-0.90027,-0.59966,-2.8749,12.247,0.39339,0.073148,1.0267,-4.723
223.43,-0.9006,-0.60834,-2.8797,12.258,0.35239,0.01251,1.0267,-4.7009
224.19,-0.90094,-0.61288,-2.8846,12.257,0.39947,0.19895,1.0267,-4.6179
224.95,-0.90147,-0.63016,-2.8896,12.269,0.31486,0.18177,1.0267,-4.6656
225.7,-0.90212,-0.64605,-2.8947,12.257,0.41204,0.15072,1.0267,-4.731
226.46,-0.90286,-0.65955,-2.8999,12.273,0.36165,-0.14096,1.0267,-4.6814
227.23,-0.90346,-0.65329,-2.9051,12.274,0.39414,-0.14341,1.0267,-4.6758
228,-0.90401,-0.64685,-2.9103,12.285,0.3971,-0.2198,1.0267,-4.6443
228.78,-0.90444,-0.63527,-2.9155,12.296,0.32254,0.15935,1.0267,-4.742
229.54,-0.90509,-0.64915,-2.9206,12.286,0.38675,0.21474,1.0267,-4.757
230.31,-0.90589,-0.66661,-2.9259,12.294,0.34955,0.062817,1.0267,-4.5634
231.08,-0.9067,-0.67404,-2.9312,12.292,0.36794,-0.13615,1.0267,-4.6667
231.86,-0.9074,-0.66768,-2.9366,12.295,0.39122,0.01949,1.0267,-4.5907
232.63,-0.90817,-0.67196,-2.942,12.305,0.33057,0.013921,1.0267,-4.6801
233.41,-0.90897,-0.67558,-2.9473,12.297,0.40603,0.068126,1.0267,-4.6469
234.18,-0.90983,-0.68284,-2.9528,12.311,0.31489,-0.055955,1.0267,-4.6525
234.96,-0.91065,-0.68158,-2.9582,12.299,0.31797,-0.057595,1.0267,-4.6986
235.75,-0.91144,-0.68002,-2.9637,12.288,0.329,-0.080695,1.0267,-4.7576
236.53,-0.9122,-0.67671,-2.9691,12.281,0.35601,0.11345,1.0267,-4.6042
237.31,-0.9131,-0.68679,-2.9746,12.28,0.38045,-0.042412,1.0267,-4.5835
238.1,-0.91393,-0.68623,-2.9801,12.287,0.39337,0.16771,1.0267,-4.5496
238.88,-0.91493,-0.69988,-2.9856,12.297,0.38472,-0.20461,1.0267,-4.7214
239.67,-0.91573,-0.68781,-2.9912,12.304,0.39454,0.14997,1.0267,-4.6154
240.46,-0.91672,-0.69993,-2.9967,12.315,0.34629,-0.24129,1.0267,-4.6365
241.26,-0.91747,-0.68537,-3.0022,12.312,0.36818,0.13701,1.0267,-4.5474
242.04,-0.91841,-0.69659,-3.0078,12.314,0.35104,0.17948,1.0267,-4.5647
242.83,-0.91948,-0.7105,-3.0134,12.313,0.40608,0.090529,1.0267,-4.7534
243.62,-0.92057,-0.71782,-3.0191,12.326,0.38106,-0.24524,1.0267,-4.7122
244.43,-0.92144,-0.70237,-3.0248,12.332,0.41357,-0.19081,1.0267,-4.5923
245.23,-0.92222,-0.69083,-3.0304,12.347,0.38574,-0.089046,1.0267,-4.7795
246.04,-0.92299,-0.68575,-3.0359,12.355,0.36138,-0.0081754,1.0267,-4.5456
246.84,-0.92379,-0.68658,-3.0414,12.356,0.37495,-0.0022248,1.0267,-4.7054
247.64,-0.92459,-0.6874,-3.0469,12.36,0.33465,-0.14516,1.0267,-4.7183
248.45,-0.92528,-0.67843,-3.0523,12.353,0.39585,0.11469,1.0267,-4.6976
249.25,-0.9261,-0.68705,-3.0578,12.363,0.37002,-0.20862,1.0267,-4.722
250.06,-0.92672,-0.67363,-3.0632,12.366,0.34529,-0.16043,1.0267,-4.7905
250.87,-0.92727,-0.66332,-3.0686,12.363,0.36425,0.16655,1.0267,-4.6315
251.68,-0.92801,-0.67545,-3.0739,12.364,0.40794,0.11509,1.0267,-4.7929
252.48,-0.9288,-0.68364,-3.0794,12.377,0.35578,0.056994,1.0267,-4.7235
253.29,-0.9296,-0.68792,-3.0849,12.376,0.38861,0.087997,1.0267,-4.7073
254.1,-0.93045,-0.69423,-3.0904,12.384,0.34034,0.062134,1.0267,-4.727
254.92,-0.93133,-0.69864,-3.096,12.379,0.31616,0.16093,1.0267,-4.6236
255.73,-0.93232,-0.70984,-3.1016,12.367,0.39537,0.22382,1.0267,-4.5579
256.54,-0.93344,-0.72528,-3.1073,12.377,0.33333,-0.0019655,1.0267,-4.6912
257.36,-0.93449,-0.72498,-3.1131,12.37,0.34175,0.13079,1.0267,-4.6529
258.17,-0.93564,-0.73363,-3.119,12.365,0.35259,-0.22629,1.0267,-4.6597
259,-0.93655,-0.71796,-3.1248,12.363,0.33382,-0.14992,1.0267,-4.6934
259.83,-0.9374,-0.70736,-3.1305,12.356,0.41224,-0.079242,1.0267,-4.6027
260.66,-0.93822,-0.70169,-3.1361,12.371,0.3711,-0.18405,1.0267,-4.7565
261.49,-0.9389,-0.68855,-3.1417,12.374,0.33169,-0.13515,1.0267,-4.6013
262.32,-0.93951,-0.67904,-3.1471,12.367,0.39034,-0.15111,1.0267,-4.7184
263.16,-0.94003,-0.66817,-3.1525,12.375,0.35016,-0.020718,1.0267,-4.6479
263.99,-0.94058,-0.66628,-3.1579,12.373,0.32789,-0.23537,1.0267,-4.7249
264.83,-0.94093,-0.64965,-3.1631,12.364,0.3698,-0.016923,1.0267,-4.565
265.66,-0.94132,-0.64817,-3.1683,12.367,0.31767,-0.23602,1.0267,-4.7458
266.5,-0.94152,-0.63145,-3.1734,12.356,0.39829,0.08896,1.0267,-4.5731
267.33,-0.94186,-0.63714,-3.1785,12.366,0.3158,0.23434,1.0267,-4.762
268.16,-0.94236,-0.65221,-3.1837,12.355,0.37778,0.054755,1.0267,-4.6468
269,-0.94283,-0.65525,-3.1889,12.36,0.38253,0.12447,1.0267,-4.6298
269.83,-0.94338,-0.66298,-3.1942,12.366,0.40567,-0.08591,1.0267,-4.731
270.68,-0.94381,-0.65617,-3.1995,12.379,0.41334,0.068767,1.0267,-4.6004
271.52,-0.94432,-0.66009,-3.2047,12.394,0.33198,-0.070334,1.0267,-4.7368
272.36,-0.94473,-0.65424,-3.21,12.386,0.3505,-0.24875,1.0267,-4.7537
273.22,-0.94495,-0.63626,-3.2151,12.384,0.35149,-0.079067,1.0267,-4.656
274.06,-0.94517,-0.63003,-3.2202,12.381,0.38505,-0.15376,1.0267,-4.7366
274.91,-0.94527,-0.61858,-3.2252,12.388,0.34091,-0.20442,1.0267,-4.7493
275.77,-0.94524,-0.60371,-3.2301,12.383,0.39448,0.079032,1.0267,-4.6754
276.62,-0.94534,-0.60825,-3.2349,12.393,0.37183,-0.049107,1.0267,-4.7402
277.47,-0.94536,-0.60394,-3.2398,12.396,0.35922,-0.07852,1.0267,-4.611
278.32,-0.94532,-0.59794,-3.2446,12.396,0.38107,-0.1223,1.0267,-4.7846
279.18,-0.94521,-0.58863,-3.2493,12.401,0.32733,0.19632,1.0267,-4.5871
280.02,-0.94528,-0.60135,-3.2541,12.392,0.34783,0.067043,1.0267,-4.7777
280.88,-0.94535,-0.60486,-3.2589,12.389,0.41422,-0.14377,1.0267,-4.6359
281.74,-0.94527,-0.59438,-3.2637,12.404,0.35999,-0.19769,1.0267,-4.7862
282.6,-0.94506,-0.57999,-3.2684,12.404,0.37702,-0.088121,1.0267,-4.5533
283.46,-0.94483,-0.57358,-3.273,12.409,0.38603,-0.031575,1.0267,-4.6863
284.32,-0.9446,-0.57077,-3.2776,12.416,0.35925,0.18878,1.0267,-4.7872
285.17,-0.94454,-0.58269,-3.2822,12.415,0.34075,-0.011496,1.0267,-4.7424
286.04,-0.9444,-0.5811,-3.2869,12.41,0.36076,-0.094968,1.0267,-4.711
286.9,-0.94419,-0.57396,-3.2915,12.41,0.32771,-0.17826,1.0267,-4.5458
287.77,-0.94385,-0.56157,-3.296,12.401,0.41354,-0.11177,1.0267,-4.5948
288.64,-0.94347,-0.55367,-3.3005,12.416,0.36479,-0.057438,1.0267,-4.6246
289.5,-0.94307,-0.54945,-3.3049,12.417,0.40872,-0.2395,1.0267,-4.7475
290.38,-0.9425,-0.53272,-3.3092,12.43,0.37794,0.19276,1.0267,-4.6642
291.24,-0.94215,-0.54554,-3.3136,12.435,0.31907,0.038148,1.0267,-4.7386
292.11,-0.94179,-0.54771,-3.3179,12.423,0.36693,-0.12297,1.0267,-4.7121
292.98,-0.9413,-0.53907,-3.3223,12.425,0.40685,-0.049634,1.0267,-4.6099
293.85,-0.94082,-0.53568,-3.3266,12.437,0.32763,0.11866,1.0267,-4.7479
294.72,-0.94045,-0.54346,-3.3309,12.428,0.39701,0.08709,1.0267,-4.5864
295.59,-0.94012,-0.54944,-3.3353,12.438,0.33034,-0.04826,1.0267,-4.7427
296.46,-0.93973,-0.54594,-3.3396,12.43,0.37333,-0.23889,1.0267,-4.6712
297.34,-0.93915,-0.52974,-3.3439,12.433,0.41283,-0.0094225,1.0267,-4.7194
298.22,-0.93865,-0.5291,-3.3482,12.447,0.32194,-0.014559,1.0267,-4.7008
299.09,-0.93813,-0.5282,-3.3524,12.436,0.37271,-0.097841,1.0267,-4.6059
299.97,-0.93755,-0.52192,-3.3566,12.439,0.31988,-0.24454,1.0267,-4.7669
300.86,-0.93679,-0.50546,-3.3607,12.428,0.32517,-0.15171,1.0267,-4.6722
301.74,-0.93599,-0.49563,-3.3647,12.418,0.34207,0.22065,1.0267,-4.7144
302.61,-0.93543,-0.51102,-3.3688,12.413,0.37098,-0.15572,1.0267,-4.7695
303.5,-0.93468,-0.50082,-3.3728,12.416,0.40063,0.09673,1.0267,-4.652
304.38,-0.93407,-0.50807,-3.3768,12.427,0.35365,-0.14373,1.0267,-4.6885
305.26,-0.93332,-0.499,-3.3809,12.425,0.37799,-0.089532,1.0267,-4.6618
306.15,-0.93255,-0.49376,-3.3848,12.43,0.32262,0.0090599,1.0267,-4.6582
307.03,-0.93182,-0.4953,-3.3888,12.419,0.40245,0.11851,1.0267,-4.7507
307.91,-0.93121,-0.50412,-3.3928,12.431,0.37268,-0.033899,1.0267,-4.6767
308.8,-0.93053,-0.5028,-3.3968,12.434,0.33105,-0.21653,1.0267,-4.7517
309.69,-0.92971,-0.48904,-3.4008,12.426,0.40121,0.098468,1.0267,-4.7697
310.58,-0.92904,-0.4967,-3.4047,12.437,0.37266,0.13323,1.0267,-4.6031
311.46,-0.92847,-0.50709,-3.4087,12.44,0.34637,-0.11148,1.0267,-4.7348
312.35,-0.92778,-0.50065,-3.4128,12.436,0.36389,-0.23154,1.0267,-4.55
313.25,-0.92694,-0.48658,-3.4167,12.436,0.38361,0.10168,1.0267,-4.7413
314.14,-0.92628,-0.49479,-3.4206,12.443,0.37677,0.015785,1.0267,-4.7214
315.03,-0.92561,-0.49727,-3.4246,12.447,0.36171,0.036316,1.0267,-4.7142
315.92,-0.92499,-0.5012,-3.4286,12.447,0.39069,0.057642,1.0267,-4.7087
316.81,-0.92442,-0.50663,-3.4326,12.455,0.36582,-0.097992,1.0267,-4.5649
317.71,-0.92376,-0.50186,-3.4367,12.456,0.40705,-0.18742,1.0267,-4.6357
318.61,-0.923,-0.49098,-3.4406,12.468,0.37913,0.21066,1.0267,-4.6783
319.5,-0.9225,-0.50706,-3.4446,12.473,0.41026,-0.11899,1.0267,-4.5858
320.4,-0.92184,-0.50102,-3.4487,12.486,0.35186,-0.22582,1.0267,-4.6527
321.3,-0.92106,-0.48769,-3.4526,12.483,0.38041,0.007912,1.0267,-4.7565
322.2,-0.92037,-0.4901,-3.4565,12.488,0.36878,0.0070121,1.0267,-4.6127
323.1,-0.9197,-0.4928,-3.4605,12.49,0.3632,-0.12876,1.0267,-4.609
324,-0.91895,-0.48638,-3.4644,12.49,0.41358,-0.13769,1.0267,-4.6058
324.91,-0.91815,-0.47947,-3.4682,12.504,0.36283,0.11988,1.0267,-4.6691
325.81,-0.91751,-0.48996,-3.4721,12.504,0.31615,0.1932,1.0267,-4.7516
326.7,-0.91702,-0.50525,-3.4761,12.491,0.39111,-0.010492,1.0267,-4.6712
327.61,-0.91648,-0.50691,-3.4802,12.499,0.3784,0.070823,1.0267,-4.7896
328.51,-0.91603,-0.51386,-3.4842,12.503,0.32897,0.17913,1.0267,-4.746
329.41,-0.91573,-0.52825,-3.4884,12.493,0.39094,0.23577,1.0267,-4.6456
330.31,-0.91559,-0.54665,-3.4927,12.501,0.34637,-0.19922,1.0267,-4.6035
331.22,-0.91523,-0.53563,-3.497,12.497,0.38933,-0.16541,1.0267,-4.6714
332.14,-0.91482,-0.52683,-3.5013,12.504,0.36373,-0.15753,1.0267,-4.718
333.05,-0.91435,-0.51856,-3.5055,12.504,0.33672,-0.065961,1.0267,-4.7935
333.96,-0.91389,-0.5164,-3.5096,12.497,0.3671,0.16839,1.0267,-4.6702
334.87,-0.91362,-0.53041,-3.5138,12.498,0.34406,0.095988,1.0267,-4.739
335.78,-0.9134,-0.53935,-3.5181,12.493,0.35443,-0.20519,1.0267,-4.6808
336.7,-0.913,-0.528,-3.5223,12.49,0.4043,-0.16253,1.0267,-4.5982
337.62,-0.91255,-0.51981,-3.5265,12.502,0.39031,-0.14019,1.0267,-4.549
338.54,-0.91205,-0.5133,-3.5307,12.509,0.38407,-0.2335,1.0267,-4.7081
339.46,-0.91143,-0.50023,-3.5347,12.515,0.3694,0.2447,1.0267,-4.7601
340.37,-0.91112,-0.51953,-3.5388,12.517,0.37313,0.047655,1.0267,-4.6108
341.29,-0.91079,-0.52575,-3.543,12.519,0.37595,-0.11364,1.0267,-4.7069
342.21,-0.91038,-0.52086,-3.5472,12.523,0.35007,0.092207,1.0267,-4.6233
343.13,-0.9101,-0.53013,-3.5514,12.519,0.3503,-0.0918,1.0267,-4.6307
344.05,-0.90975,-0.52692,-3.5556,12.515,0.33237,0.18329,1.0267,-4.6114
344.97,-0.90961,-0.54241,-3.5599,12.507,0.34509,0.19877,1.0267,-4.7276
345.88,-0.9096,-0.55865,-3.5643,12.502,0.38065,0.23195,1.0267,-4.7214
346.8,-0.90974,-0.57707,-3.5688,12.506,0.33858,0.0044187,1.0267,-4.6027
347.73,-0.90985,-0.58025,-3.5734,12.5,0.33474,0.093498,1.0267,-4.712
348.65,-0.91005,-0.5892,-3.5781,12.492,0.37675,-0.16265,1.0267,-4.7821
349.58,-0.9101,-0.58061,-3.5828,12.496,0.40655,-0.072327,1.0267,-4.6786
350.51,-0.91017,-0.57838,-3.5874,12.508,0.41002,0.033672,1.0267,-4.7861
351.44,-0.9103,-0.58309,-3.5921,12.521,0.34061,-0.042965,1.0267,-4.6707
352.37,-0.91041,-0.58283,-3.5968,12.514,0.3771,0.10514,0.69333,-4.7184
353.32,-0.91017,-0.55771,-3.6013,12.518,0.36041,0.092921,0.69333,-4.7043
354.27,-0.90973,-0.53192,-3.6057,12.517,0.39224,0.049214,0.69333,-4.6598
355.22,-0.90906,-0.50343,-3.6098,12.525,0.33449,0.20988,0.69333,-4.6044
356.17,-0.9083,-0.48612,-3.6138,12.517,0.37175,-0.016127,0.69333,-4.5791
357.12,-0.90722,-0.45372,-3.6175,12.519,0.35146,0.002122,0.69333,-4.6292
358.07,-0.90591,-0.4227,-3.621,12.516,0.39804,0.055851,0.69333,-4.5613
359.03,-0.90441,-0.39573,-3.6243,12.525,0.41441,0.12598,0.69333,-4.789
359.98,-0.90277,-0.3733,-3.6274,12.539,0.31742,-0.011716,0.69333,-4.7824
360.93,-0.90084,-0.34182,-3.6302,12.526,0.33582,0.042417,0.69333,-4.6518
361.89,-0.89873,-0.31462,-3.6329,12.519,0.40006,0.04614,0.69333,-4.6125
362.84,-0.89643,-0.28808,-3.6353,12.529,0.39632,0.0063246,0.69333,-4.6846
363.8,-0.89389,-0.25905,-3.6375,12.538,0.41288,0.076362,0.69333,-4.7831
364.75,-0.89121,-0.23493,-3.6394,12.551,0.38608,0.22378,0.69333,-4.6306
365.7,-0.88848,-0.22148,-3.6413,12.557,0.33544,-0.020242,0.69333,-4.6241
366.66,-0.88545,-0.19186,-3.6429,12.549,0.38022,-0.18128,0.69333,-4.6657
367.62,-0.88208,-0.1517,-3.6443,12.553,0.40725,-0.20128,0.69333,-4.7004
368.58,-0.8784,-0.11063,-3.6453,12.565,0.37333,0.072395,0.69333,-4.6181
369.54,-0.87466,-0.088794,-3.6461,12.567,0.35587,0.0067977,0.69333,-4.6305
370.49,-0.87071,-0.062969,-3.6468,12.565,0.40118,-0.027808,0.69333,-4.7596
371.45,-0.86655,-0.035043,-3.6471,12.575,0.39944,0.044414,0.69333,-4.7911
372.4,-0.86227,-0.012478,-3.6473,12.584,0.40356,0.09588,0.69333,-4.7849
373.35,-0.85788,0.0060625,-3.6474,12.594,0.3453,0.052246,0.69333,-4.7601
374.3,-0.85334,0.026982,-3.6472,12.589,0.3782,0.10455,0.69333,-4.765
375.25,-0.84871,0.043825,-3.6469,12.592,0.3552,-0.002945,0.69333,-4.7004
376.2,-0.84389,0.067268,-3.6465,12.589,0.35049,-0.09752,0.69333,-4.7309
377.15,-0.83883,0.096587,-3.6458,12.585,0.36799,-0.13946,0.69333,-4.5689
378.11,-0.83355,0.12777,-3.6449,12.586,0.37696,0.22452,0.69333,-4.5982
379.05,-0.82836,0.13371,-3.6439,12.589,0.35431,0.2018,0.69333,-4.7287
379.99,-0.82314,0.14093,-3.6428,12.586,0.33946,-0.18178,0.69333,-4.6206
380.94,-0.81758,0.17331,-3.6415,12.579,0.34896,0.16735,0.69333,-4.6211
381.88,-0.8121,0.18137,-3.6401,12.574,0.37053,0.18855,0.69333,-4.6364
382.82,-0.8066,0.18745,-3.6386,12.576,0.32616,-0.035747,0.69333,-4.6501
383.77,-0.80091,0.20815,-3.6371,12.565,0.33502,-0.089833,0.69333,-4.7587
384.71,-0.79505,0.23208,-3.6353,12.557,0.36763,-0.035518,0.69333,-4.6059
385.66,-0.78908,0.25132,-3.6334,12.558,0.3505,-0.17931,0.69333,-4.7437
386.6,-0.78289,0.27989,-3.6312,12.554,0.32191,0.17713,0.69333,-4.5455
387.53,-0.77681,0.28319,-3.629,12.542,0.35211,-0.047738,0.69333,-4.6482
388.47,-0.77056,0.30129,-3.6267,12.539,0.32524,-0.0018725,0.69333,-4.7906
389.41,-0.76424,0.31588,-3.6242,12.528,0.31466,0.093202,0.69333,-4.6084
390.34,-0.75794,0.32295,-3.6216,12.515,0.31547,0.099752,0.69333,-4.6155
391.27,-0.75162,0.32894,-3.619,12.501,0.32687,-0.064151,0.69333,-4.682
392.21,-0.74517,0.3455,-3.6163,12.491,0.33842,0.21551,0.69333,-4.7168
393.13,-0.73886,0.34248,-3.6136,12.485,0.36243,0.054193,0.69333,-4.6323
394.06,-0.73248,0.34959,-3.6108,12.485,0.40729,-0.1094,0.69333,-4.5948
394.99,-0.72595,0.36702,-3.6079,12.497,0.4068,0.022182,0.69333,-4.7456
395.92,-0.71944,0.37513,-3.605,12.509,0.32167,0.11483,0.69333,-4.674
396.84,-0.71299,0.37613,-3.602,12.498,0.37631,-0.017511,0.69333,-4.684
397.76,-0.70647,0.38546,-3.5989,12.501,0.39625,0.17878,0.69333,-4.6111
398.68,-0.70007,0.38066,-3.5958,12.51,0.32144,-0.07593,0.69333,-4.7384
399.6,-0.69355,0.39274,-3.5928,12.499,0.34456,-0.0076912,0.69333,-4.6434
400.52,-0.68703,0.3993,-3.5896,12.494,0.4056,0.096932,0.69333,-4.6997
401.43,-0.6806,0.39821,-3.5864,12.505,0.36793,0.18337,0.69333,-4.5908
402.34,-0.67428,0.39041,-3.5832,12.507,0.32914,0.020369,0.69333,-4.6157
403.26,-0.66794,0.3931,-3.5801,12.497,0.38747,0.02203,0.69333,-4.5756
404.17,-0.66161,0.39494,-3.577,12.504,0.3619,0.21348,0.69333,-4.6378
405.08,-0.65548,0.38332,-3.5738,12.504,0.38777,0.092918,0.69333,-4.5949
405.98,-0.64938,0.3792,-3.5708,12.511,0.41085,-0.18423,0.69333,-4.7214
406.9,-0.64312,0.39351,-3.5677,12.524,0.35417,-0.22497,0.69333,-4.6316
407.81,-0.63675,0.40969,-3.5645,12.521,0.38956,0.24406,0.69333,-4.6924
408.71,-0.63069,0.39356,-3.5613,12.528,0.38903,-0.03909,0.69333,-4.7604
409.62,-0.62457,0.3962,-3.5581,12.535,0.40632,0.11834,0.69333,-4.7152
410.52,-0.61859,0.38746,-3.555,12.547,0.33542,0.19358,0.69333,-4.7089
411.41,-0.61279,0.37306,-3.5519,12.539,0.33875,0.12345,0.69333,-4.6416
412.31,-0.60708,0.36275,-3.549,12.532,0.41086,0.21692,0.69333,-4.7608
413.2,-0.60157,0.34584,-3.5462,12.544,0.35031,0.013513,0.69333,-4.704
414.1,-0.59606,0.3421,-3.5434,12.541,0.37627,-0.1825,0.69333,-4.6171
415,-0.59045,0.3509,-3.5406,12.544,0.37762,-0.19153,0.69333,-4.7603
415.91,-0.58481,0.36002,-3.5378,12.548,0.35322,0.047987,0.69333,-4.7541
416.8,-0.57933,0.35231,-3.5349,12.544,0.32152,-0.0015198,0.69333,-4.617
417.69,-0.57391,0.34715,-3.5321,12.533,0.36166,0.084741,0.69333,-4.7372
418.58,-0.56863,0.33589,-3.5294,12.532,0.35278,0.04484,0.69333,-4.626
419.47,-0.56345,0.32661,-3.5268,12.529,0.37026,-0.032914,0.69333,-4.5754
420.36,-0.55831,0.32202,-3.5242,12.531,0.38381,-0.068481,0.69333,-4.7374
421.25,-0.55321,0.31967,-3.5216,12.536,0.392,0.12593,0.69333,-4.6211
422.13,-0.54832,0.30343,-3.5191,12.544,0.40658,-0.086723,0.69333,-4.7739
423.02,-0.54342,0.30148,-3.5167,12.555,0.36761,0.04788,0.69333,-4.645
423.91,-0.53868,0.28968,-3.5143,12.556,0.35999,-0.21333,0.69333,-4.7676
424.8,-0.53385,0.29538,-3.512,12.555,0.37012,-0.11826,0.69333,-4.6938
425.68,-0.52908,0.29399,-3.5096,12.556,0.39312,-0.10499,0.69333,-4.6385
426.57,-0.52437,0.29111,-3.5073,12.564,0.37846,0.16939,0.69333,-4.7135
427.45,-0.51994,0.26936,-3.505,12.568,0.35354,0.22567,0.69333,-4.7135
428.32,-0.51576,0.24347,-3.503,12.565,0.36289,0.077737,0.69333,-4.7618
429.19,-0.51169,0.22738,-3.5011,12.564,0.36821,-0.077779,0.69333,-4.6168
430.08,-0.50764,0.22118,-3.4993,12.565,0.34896,-0.18786,0.69333,-4.6776
430.96,-0.50358,0.22217,-3.4975,12.561,0.38328,-0.19854,0.69333,-4.6147
431.84,-0.49953,0.22335,-3.4957,12.566,0.33085,0.15873,0.69333,-4.6794
432.71,-0.49579,0.20008,-3.4941,12.557,0.32864,0.19857,0.69333,-4.6313
433.58,-0.4923,0.17374,-3.4926,12.547,0.31462,0.028583,0.69333,-4.7469
434.45,-0.48889,0.15892,-3.4912,12.533,0.33714,0.23927,0.69333,-4.7293
435.32,-0.4858,0.12953,-3.4901,12.526,0.34273,-0.11582,0.69333,-4.6036
436.2,-0.48267,0.12372,-3.4891,12.52,0.33364,0.11533,0.69333,-4.5795
437.07,-0.47979,0.10194,-3.4882,12.512,0.36095,0.066713,0.69333,-4.7477
437.94,-0.47707,0.083613,-3.4874,12.511,0.33186,0.13622,0.69333,-4.6871
438.8,-0.47456,0.060264,-3.4868,12.502,0.40048,0.17425,0.69333,-4.6598
439.67,-0.47229,0.034141,-3.4865,12.513,0.3893,0.20524,0.69333,-4.6498
440.54,-0.47027,0.0057913,-3.4863,12.52,0.33658,-0.10966,0.69333,-4.7135
441.41,-0.46822,-0.0011928,-3.4863,12.512,0.31985,-0.16146,0.69333,-4.7201
442.29,-0.46619,-0.0048307,-3.4863,12.5,0.38195,0.038598,0.69333,-4.7629
443.16,-0.46438,-0.022101,-3.4864,12.505,0.32949,-0.049531,0.69333,-4.6752
444.03,-0.46263,-0.033695,-3.4866,12.496,0.41319,0.026678,0.69333,-4.6537
444.9,-0.46106,-0.050611,-3.487,12.51,0.33508,-0.19921,0.69333,-4.785
445.77,-0.45944,-0.052049,-3.4874,12.502,0.37418,-0.074233,0.69333,-4.6727
446.65,-0.45795,-0.062332,-3.4878,12.505,0.32561,-0.19176,0.69333,-4.7136
447.52,-0.45645,-0.064679,-3.4884,12.495,0.3733,-0.12023,0.69333,-4.5956
448.4,-0.45504,-0.072251,-3.4889,12.498,0.34261,0.22636,0.69333,-4.7186
449.26,-0.45399,-0.10312,-3.4896,12.492,0.3508,0.23405,0.69333,-4.6058
450.12,-0.45319,-0.13472,-3.4906,12.489,0.33314,-0.15168,0.69333,-4.7223
451,-0.45233,-0.1399,-3.4917,12.481,0.34911,0.13948,0.69333,-4.5901
451.87,-0.45176,-0.16513,-3.4929,12.477,0.3831,-0.13032,0.69333,-4.7299
452.74,-0.45116,-0.17175,-3.4942,12.483,0.3824,0.079496,0.69333,-4.6451
453.61,-0.4508,-0.19277,-3.4957,12.488,0.34371,0.19861,0.69333,-4.7118
454.48,-0.4507,-0.22166,-3.4973,12.483,0.3476,-0.075632,0.69333,-4.6892
455.35,-0.4506,-0.23191,-3.4991,12.479,0.35764,0.24276,0.69333,-4.7927
456.22,-0.45085,-0.26345,-3.5011,12.478,0.35982,-0.094595,0.69333,-4.7505
457.09,-0.45107,-0.27208,-3.5033,12.477,0.34859,-0.15363,0.69333,-4.6643
457.97,-0.4513,-0.27684,-3.5055,12.473,0.31768,0.02011,0.69333,-4.6133
458.85,-0.45171,-0.29342,-3.5077,12.461,0.37139,0.12797,0.69333,-4.7763
459.72,-0.45235,-0.31683,-3.5102,12.464,0.36452,0.064444,0.69333,-4.5817
460.59,-0.45311,-0.33619,-3.5128,12.464,0.36448,-0.12521,0.69333,-4.6204
461.47,-0.45385,-0.34246,-3.5155,12.465,0.35576,0.037062,0.69333,-4.6556
462.35,-0.45478,-0.35954,-3.5183,12.463,0.40711,0.20619,0.69333,-4.61
463.22,-0.45598,-0.38798,-3.5213,12.476,0.40513,0.070163,0.69333,-4.7348
464.1,-0.45728,-0.40671,-3.5245,12.487,0.36744,-0.21565,0.69333,-4.7492
464.98,-0.45848,-0.40586,-3.5277,12.489,0.36826,-0.12485,0.69333,-4.6357
465.87,-0.45974,-0.41126,-3.531,12.49,0.31746,0.014907,0.69333,-4.6616
466.75,-0.46116,-0.42592,-3.5344,12.478,0.40517,0.1092,0.69333,-4.6188
467.63,-0.46276,-0.44683,-3.5379,12.489,0.39629,-0.052605,0.69333,-4.5598
468.52,-0.46438,-0.45667,-3.5415,12.499,0.36021,-0.20689,0.69333,-4.7064
469.41,-0.46593,-0.45555,-3.5451,12.498,0.33689,-0.2361,0.69333,-4.7091
470.3,-0.46744,-0.4523,-3.5487,12.491,0.40396,0.037849,0.69333,-4.7769
471.19,-0.46915,-0.4673,-3.5524,12.502,0.32097,0.24993,0.69333,-4.7224
472.07,-0.47114,-0.49652,-3.5563,12.49,0.33406,0.14264,0.69333,-4.7727
472.95,-0.47326,-0.51805,-3.5603,12.483,0.35918,0.023036,0.69333,-4.669
473.84,-0.47543,-0.53139,-3.5645,12.482,0.40907,-0.12496,0.69333,-4.5928
474.74,-0.47757,-0.5346,-3.5688,12.494,0.3167,0.18198,0.69333,-4.5588
475.63,-0.47998,-0.55842,-3.5732,12.482,0.40298,-0.00263,0.69333,-4.7762
476.52,-0.48241,-0.56894,-3.5777,12.493,0.37694,0.10071,0.69333,-4.5858
477.41,-0.48499,-0.58655,-3.5823,12.497,0.38066,0.12416,0.69333,-4.6967
478.31,-0.48771,-0.60519,-3.5871,12.502,0.37783,0.010579,0.69333,-4.6277
479.21,-0.49046,-0.61592,-3.592,12.506,0.34268,-0.14297,0.69333,-4.5569
480.11,-0.49315,-0.61608,-3.5969,12.5,0.36758,0.12133,0.69333,-4.6314
481.01,-0.49605,-0.6337,-3.6019,12.501,0.40754,0.054186,0.69333,-4.711
481.91,-0.49901,-0.64624,-3.607,12.513,0.38286,-0.016238,0.69333,-4.6396
482.82,-0.50199,-0.65381,-3.6122,12.519,0.38596,-0.035477,0.69333,-4.6178
483.72,-0.505,-0.65979,-3.6175,12.525,0.36438,-0.22276,0.69333,-4.7151
484.64,-0.50787,-0.65256,-3.6227,12.525,0.36562,-0.16037,0.69333,-4.6786
485.55,-0.51073,-0.64937,-3.6279,12.526,0.34904,-0.24108,0.69333,-4.7866
486.47,-0.51347,-0.64022,-3.6331,12.521,0.40852,0.19999,0.69333,-4.7496
487.38,-0.51649,-0.66076,-3.6383,12.534,0.37933,0.23217,0.69333,-4.6011
488.28,-0.51968,-0.68338,-3.6437,12.538,0.36242,0.059454,0.69333,-4.6729
489.2,-0.52288,-0.69375,-3.6492,12.538,0.39459,-0.18832,0.69333,-4.6057
490.12,-0.52594,-0.68712,-3.6547,12.546,0.40506,-0.17628,0.69333,-4.624
491.05,-0.52893,-0.68099,-3.6602,12.557,0.38406,-0.065023,0.69333,-4.7309
491.97,-0.53195,-0.68189,-3.6656,12.562,0.3937,0.15715,0.69333,-4.6346
492.89,-0.53514,-0.69771,-3.6711,12.57,0.37397,-0.0073952,0.69333,-4.724
493.81,-0.5383,-0.70183,-3.6767,12.573,0.33646,0.11385,0.69333,-4.7884
494.73,-0.54157,-0.71367,-3.6824,12.565,0.40973,0.22205,0.69333,-4.6997
495.65,-0.54501,-0.73264,-3.6882,12.577,0.41232,-0.23173,0.69333,-4.6977
496.59,-0.54819,-0.72047,-3.694,12.59,0.41053,-0.14073,0.69333,-4.586
497.52,-0.55133,-0.71443,-3.6997,12.602,0.38196,0.052148,0.69333,-4.6456
498.45,-0.55457,-0.72102,-3.7055,12.607,0.39352,-0.050255,0.69333,-4.7644
499.39,-0.55775,-0.72009,-3.7112,12.614,0.37395,-0.040273,0.69333,-4.7603
500.33,-0.56091,-0.71951,-3.717,12.616,0.36211,0.21596,0.69333,-4.6108
501.26,-0.56425,-0.73628,-3.7228,12.615,0.39993,-0.087212,0.69333,-4.7044
502.2,-0.56746,-0.73192,-3.7287,12.624,0.38808,0.19613,0.69333,-4.6874
503.13,-0.57085,-0.74646,-3.7346,12.63,0.3724,-0.16561,0.69333,-4.6459
504.08,-0.57403,-0.73621,-3.7405,12.632,0.4029,-0.11023,0.69333,-4.743
505.03,-0.57715,-0.72922,-3.7464,12.642,0.3708,-0.11315,0.69333,-4.6291
505.98,-0.58019,-0.722,-3.7522,12.643,0.31662,0.041811,0.69333,-4.6103
506.92,-0.58329,-0.72502,-3.758,12.629,0.3494,-0.12893,0.69333,-4.7555
507.88,-0.58625,-0.71586,-3.7638,12.624,0.39149,-0.10316,0.69333,-4.6649
508.83,-0.58914,-0.70837,-3.7695,12.631,0.40119,0.13078,0.69333,-4.6909
509.78,-0.59215,-0.71641,-3.7752,12.64,0.37776,0.086947,0.69333,-4.7159
510.73,-0.59516,-0.72108,-3.7809,12.643,0.33599,0.048744,0.69333,-4.7109
511.68,-0.59816,-0.72285,-3.7867,12.635,0.31526,0.17525,0.69333,-4.673
512.63,-0.60126,-0.73295,-3.7925,12.62,0.39774,0.018291,0.69333,-4.7061
513.59,-0.60429,-0.73201,-3.7984,12.629,0.3376,0.16425,0.69333,-4.707
514.55,-0.60741,-0.74063,-3.8043,12.621,0.36371,-0.15441,0.69333,-4.7616
515.51,-0.61032,-0.72723,-3.8101,12.62,0.40827,0.014126,0.69333,-4.7029
516.48,-0.61324,-0.72512,-3.8159,12.632,0.36431,0.077033,0.69333,-4.6619
517.44,-0.61617,-0.72706,-3.8217,12.631,0.37327,-0.058641,0.69333,-4.6309
518.41,-0.619,-0.71959,-3.8275,12.633,0.34366,0.12585,0.69333,-4.6232
519.37,-0.62189,-0.72436,-3.8333,12.626,0.36447,-0.10985,0.69333,-4.7318
520.35,-0.62461,-0.71265,-3.8391,12.626,0.35518,0.19471,0.69333,-4.5475
521.31,-0.62748,-0.7217,-3.8448,12.622,0.39461,-0.043478,0.69333,-4.6517
522.29,-0.6302,-0.71409,-3.8505,12.63,0.36432,-0.22317,0.69333,-4.7829
523.27,-0.63269,-0.69381,-3.8562,12.629,0.38878,0.16931,0.69333,-4.7256
524.24,-0.63533,-0.70004,-3.8617,12.635,0.41309,-0.095019,0.69333,-4.7246
525.22,-0.63779,-0.68809,-3.8673,12.648,0.36722,0.072649,0.69333,-4.6473
526.2,-0.64027,-0.68746,-3.8728,12.648,0.3181,-0.080519,0.69333,-4.7206
527.18,-0.64261,-0.67606,-3.8783,12.635,0.40817,-0.16417,0.69333,-4.7148
528.17,-0.64477,-0.65882,-3.8836,12.646,0.36094,0.18405,0.69333,-4.719
529.15,-0.64707,-0.665,-3.8889,12.644,0.37847,-0.20561,0.69333,-4.671
530.14,-0.64909,-0.64465,-3.8941,12.647,0.3424,0.042022,0.69333,-4.755
531.12,-0.65113,-0.64077,-3.8993,12.64,0.344,0.15902,0.69333,-4.78
532.11,-0.65323,-0.64456,-3.9044,12.634,0.38688,0.2173,0.69333,-4.5895
533.09,-0.6554,-0.65246,-3.9096,12.64,0.37883,-0.13941,0.69333,-4.6882
534.08,-0.65731,-0.63577,-3.9148,12.643,0.3821,-0.081357,0.69333,-4.626
535.08,-0.65913,-0.62302,-3.9198,12.647,0.34123,0.22974,0.69333,-4.7495
536.06,-0.6611,-0.63093,-3.9248,12.64,0.37699,0.24784,0.69333,-4.6896
537.05,-0.66314,-0.63995,-3.9299,12.642,0.32921,-0.22586,0.69333,-4.6281
538.05,-0.66483,-0.61681,-3.9349,12.632,0.40601,-0.013074,0.69333,-4.7302
539.05,-0.66651,-0.60778,-3.9398,12.643,0.40446,-0.17541,0.69333,-4.7151
540.06,-0.66798,-0.58767,-3.9446,12.653,0.37517,-0.17134,0.69333,-4.6231
541.06,-0.66928,-0.56796,-3.9492,12.655,0.38934,-0.15023,0.69333,-4.5758
542.07,-0.67043,-0.54974,-3.9537,12.661,0.35518,0.18764,0.69333,-4.5526
543.06,-0.67172,-0.5544,-3.9581,12.658,0.39797,-0.063437,0.69333,-4.7703
544.07,-0.67283,-0.54146,-3.9625,12.666,0.37179,-0.085561,0.69333,-4.7492
545.07,-0.67381,-0.52701,-3.9668,12.667,0.41053,0.034543,0.69333,-4.7766
546.08,-0.67477,-0.52059,-3.971,12.679,0.40997,-0.11621,0.69333,-4.6911
547.09,-0.67554,-0.50408,-3.9751,12.69,0.33842,-0.12852,0.69333,-4.6565
548.1,-0.67618,-0.48681,-3.979,12.682,0.32839,-0.12376,0.69333,-4.6298
549.11,-0.67668,-0.46992,-3.9828,12.671,0.33276,0.02898,0.69333,-4.6036
550.12,-0.67717,-0.46345,-3.9866,12.661,0.34744,0.14972,0.69333,-4.6578
551.12,-0.6777,-0.46502,-3.9903,12.656,0.37727,-0.17588,0.69333,-4.6857
552.14,-0.67798,-0.44443,-3.9939,12.658,0.35865,-0.22841,0.69333,-4.7513
553.15,-0.67805,-0.42021,-3.9974,12.656,0.37161,-0.17204,0.69333,-4.6967
554.17,-0.67797,-0.40002,-4.0007,12.657,0.35803,0.0047653,0.69333,-4.5511
555.18,-0.67789,-0.39219,-4.0038,12.654,0.33345,0.030803,0.69333,-4.6085
556.2,-0.67777,-0.38605,-4.0069,12.645,0.32381,-0.13056,0.69333,-4.6399
557.21,-0.67746,-0.36896,-4.01,12.633,0.40243,-0.24462,0.69333,-4.6593
558.23,-0.67693,-0.34422,-4.0128,12.643,0.3542,-0.046233,0.69333,-4.7008
559.25,-0.67637,-0.33297,-4.0155,12.639,0.31633,0.16949,0.69333,-4.7658
560.26,-0.67591,-0.33629,-4.0182,12.625,0.38602,-0.11424,0.69333,-4.6051
561.28,-0.67525,-0.32078,-4.0208,12.631,0.33709,-0.13653,0.69333,-4.6156
562.3,-0.67444,-0.30387,-4.0233,12.622,0.33907,0.06876,0.69333,-4.6248
563.31,-0.67369,-0.30099,-4.0258,12.615,0.34496,-0.24934,0.69333,-4.7895
564.34,-0.67265,-0.27633,-4.0281,12.609,0.39815,0.14262,0.69333,-4.6859
565.35,-0.67175,-0.27862,-4.0303,12.618,0.38073,0.17734,0.69333,-4.7219
566.36,-0.6709,-0.28326,-4.0325,12.622,0.34862,-0.042644,0.69333,-4.6729
567.38,-0.66991,-0.27318,-4.0348,12.617,0.33575,-0.18418,0.69333,-4.6667
568.4,-0.66874,-0.25367,-4.0369,12.608,0.40175,0.094315,0.69333,-4.7283
569.42,-0.66765,-0.25309,-4.0389,12.618,0.37572,0.030438,0.69333,-4.576
570.43,-0.66651,-0.24861,-4.0409,12.621,0.38378,-0.14961,0.69333,-4.7262
571.46,-0.66519,-0.23177,-4.0428,12.625,0.36059,0.10033,0.69333,-4.7018
572.47,-0.66396,-0.2321,-4.0447,12.624,0.4074,0.11173,0.69333,-4.5916
573.49,-0.66275,-0.23354,-4.0465,12.635,0.33376,0.017906,0.69333,-4.6082
574.51,-0.66148,-0.22872,-4.0484,12.626,0.40515,-0.13463,0.69333,-4.7765
575.53,-0.66006,-0.21337,-4.0502,12.636,0.3543,-0.13381,0.69333,-4.5724
576.55,-0.65853,-0.19872,-4.0518,12.633,0.31701,-0.1136,0.69333,-4.6985
577.58,-0.6569,-0.18538,-4.0533,12.619,0.36891,0.089978,0.69333,-4.5929
578.59,-0.65536,-0.18626,-4.0548,12.62,0.39229,-0.24307,0.69333,-4.6269
579.62,-0.65355,-0.16469,-4.0562,12.627,0.3409,-0.070034,0.69333,-4.7926
580.64,-0.65174,-0.15475,-4.0575,12.62,0.39616,-0.037472,0.69333,-4.67
581.66,-0.64988,-0.1475,-4.0587,12.628,0.39612,-0.24079,0.69333,-4.6472
582.69,-0.64781,-0.12675,-4.0598,12.636,0.379,-0.12035,0.69333,-4.6799
583.72,-0.6457,-0.11438,-4.0608,12.639,0.37967,-0.062603,0.69333,-4.7083
584.74,-0.64354,-0.10613,-4.0617,12.643,0.31783,0.099086,0.69333,-4.7038
585.75,-0.64148,-0.10907,-4.0625,12.629,0.34063,-0.16274,0.69333,-4.6451
586.78,-0.63923,-0.09462,-4.0633,12.622,0.40769,-0.10419,0.69333,-4.7832
587.8,-0.63693,-0.084127,-4.064,12.633,0.39997,-0.17752,0.69333,-4.7223
588.82,-0.63451,-0.069075,-4.0647,12.642,0.34874,0.081498,0.69333,-4.787
589.84,-0.6322,-0.071723,-4.0652,12.637,0.33656,0.11387,0.69333,-4.6659
590.86,-0.62995,-0.077032,-4.0658,12.629,0.315,-0.11896,0.69333,-4.5695
591.88,-0.62757,-0.066988,-4.0664,12.615,0.33168,0.23197,0.69333,-4.592
592.89,-0.62542,-0.080925,-4.067,12.605,0.37401,-0.21344,0.69333,-4.5565
593.91,-0.62302,-0.064948,-4.0676,12.607,0.36527,0.026158,0.69333,-4.7779
594.93,-0.62071,-0.065031,-4.0681,12.607,0.32966,0.20966,0.69333,-4.5822
595.94,-0.61857,-0.07817,-4.0687,12.597,0.35971,0.18225,0.69333,-4.7404
596.95,-0.61653,-0.089276,-4.0693,12.595,0.33332,-0.058381,0.69333,-4.6333
597.97,-0.61439,-0.084478,-4.07,12.586,0.40012,0.15491,0.69333,-4.7313
598.99,-0.6124,-0.094141,-4.0707,12.596,0.33948,-0.089214,0.69333,-4.5525
600.01,-0.6103,-0.087814,-4.0715,12.589,0.33931,-0.036153,0.69333,-4.5475
601.02,-0.60821,-0.085325,-4.0722,12.582,0.36326,-0.091975,0.69333,-4.6138
602.04,-0.60606,-0.079139,-4.0728,12.581,0.3992,-0.086977,0.69333,-4.5518
603.06,-0.60389,-0.073662,-4.0734,12.59,0.38475,0.15192,0.69333,-4.7735
604.08,-0.60189,-0.084126,-4.0741,12.595,0.41265,-0.14671,0.69333,-4.6508
605.1,-0.59973,-0.074792,-4.0747,12.608,0.32956,-0.052637,0.69333,-4.6595
606.12,-0.5976,-0.072062,-4.0753,12.598,0.37422,-0.052058,0.69333,-4.5709
607.13,-0.59546,-0.06978,-4.0758,12.6,0.36482,0.16603,0.69333,-4.6707
608.14,-0.5935,-0.08227,-4.0765,12.6,0.34128,-0.21814,0.69333,-4.7467
609.17,-0.59132,-0.068745,-4.0771,12.593,0.31533,0.15001,0.69333,-4.5945
610.18,-0.58937,-0.080725,-4.0777,12.58,0.37691,0.24484,0.69333,-4.5802
611.19,-0.5876,-0.099292,-4.0784,12.583,0.34588,0.19788,0.69333,-4.785
612.2,-0.58595,-0.11435,-4.0792,12.577,0.34111,0.053785,0.69333,-4.7761
613.21,-0.58431,-0.11976,-4.0802,12.571,0.40282,0.10763,0.69333,-4.7638
614.22,-0.58277,-0.12899,-4.0812,12.581,0.38634,0.094317,0.69333,-4.7526
615.24,-0.5813,-0.13745,-4.0822,12.587,0.36601,-0.096347,0.69333,-4.5692
616.26,-0.57975,-0.1335,-4.0833,12.587,0.36477,-0.022759,0.69333,-4.6448
617.27,-0.57825,-0.13454,-4.0844,12.587,0.38482,0.062241,0.69333,-4.634
618.29,-0.57683,-0.1415,-4.0855,12.592,0.40509,0.12813,0.69333,-4.6052
619.3,-0.57553,-0.15308,-4.0867,12.603,0.38506,0.22301,0.69333,-4.7123
620.31,-0.57441,-0.17094,-4.088,12.608,0.37542,0.030813,0.69333,-4.5793
621.33,-0.57327,-0.17611,-4.0894,12.611,0.4006,0.23357,0.69333,-4.6116
622.33,-0.57236,-0.19501,-4.0908,12.62,0.40999,-0.044072,0.69333,-4.7163
623.35,-0.57137,-0.19492,-4.0924,12.632,0.36034,-0.11785,0.69333,-4.6393
624.37,-0.57032,-0.19009,-4.0939,12.63,0.37805,-0.0018266,0.69333,-4.5456
625.39,-0.56934,-0.19343,-4.0955,12.633,0.35651,-0.0034346,0.69333,-4.7768
626.41,-0.5684,-0.19626,-4.097,12.63,0.35594,0.091647,0.69333,-4.55
627.43,-0.56756,-0.20608,-4.0986,12.627,0.38924,0.16104,0.69333,-4.735
628.44,-0.56686,-0.22024,-4.1003,12.634,0.371,-0.044338,0.69333,-4.6725
629.46,-0.56611,-0.22064,-4.1021,12.635,0.3794,-0.05646,0.69333,-4.5988
630.48,-0.56535,-0.22045,-4.1039,12.638,0.35467,0.12435,0.69333,-4.675
631.5,-0.56476,-0.23241,-4.1057,12.635,0.37253,0.011068,0.69333,-4.6097
632.52,-0.56416,-0.23685,-4.1076,12.636,0.33517,-0.21222,0.69333,-4.687
633.54,-0.56342,-0.22605,-4.1094,12.627,0.32526,0.14221,0.69333,-4.7476
634.56,-0.56289,-0.23923,-4.1113,12.616,0.37557,0.05934,0.69333,-4.7645
635.58,-0.56241,-0.24675,-4.1132,12.619,0.39931,-0.15744,0.69333,-4.6831
636.6,-0.5618,-0.2398,-4.1152,12.628,0.36614,-0.016799,0.69333,-4.7702
637.63,-0.56126,-0.24226,-4.1171,12.627,0.3439,0.058442,0.69333,-4.6649
638.65,-0.56081,-0.25008,-4.1191,12.621,0.35373,0.16838,0.69333,-4.6493
639.66,-0.56052,-0.26538,-4.1211,12.618,0.39005,0.078569,0.69333,-4.7065
640.68,-0.56027,-0.27444,-4.1233,12.624,0.31628,0.0079872,0.69333,-4.7305
641.71,-0.56004,-0.27865,-4.1255,12.61,0.39919,-0.02534,0.69333,-4.7069
642.73,-0.55982,-0.28067,-4.1277,12.619,0.41445,-0.16993,0.69333,-4.7053
643.76,-0.55949,-0.27291,-4.1299,12.632,0.40859,-0.077364,0.69333,-4.7015
644.79,-0.55918,-0.27149,-4.1321,12.644,0.34365,0.13206,0.69333,-4.5653
645.81,-0.55904,-0.28456,-4.1343,12.637,0.40135,0.22599,0.69333,-4.7053
646.83,-0.55908,-0.30365,-4.1367,12.647,0.37596,0.21029,0.69333,-4.6962
647.85,-0.55926,-0.3216,-4.1392,12.649,0.3227,-0.05639,0.69333,-4.6052
648.88,-0.55935,-0.3216,-4.1418,12.637,0.34944,-0.15289,0.69333,-4.5978
649.91,-0.55937,-0.31507,-4.1443,12.632,0.38951,0.14155,0.99759,-4.7537
650.92,-0.56,-0.35991,-4.147,12.638,0.32994,-0.16855,0.86,-4.5869
651.94,-0.56053,-0.36948,-4.1499,12.628,0.38302,-0.15622,0.86,-4.7854
652.97,-0.56115,-0.37938,-4.1529,12.633,0.39755,0.060763,0.86,-4.5781
653.99,-0.56202,-0.40429,-4.1561,12.641,0.33836,-0.22816,0.86,-4.6644
655.01,-0.56284,-0.40927,-4.1593,12.633,0.36311,-0.11722,0.86,-4.6488
656.04,-0.56378,-0.42168,-4.1626,12.632,0.37231,0.16722,0.86,-4.6692
657.06,-0.56506,-0.45314,-4.1661,12.634,0.3331,-0.065507,0.86,-4.6903
658.09,-0.56638,-0.46853,-4.1698,12.624,0.31711,0.22432,0.86,-4.7365
659.11,-0.56805,-0.50324,-4.1737,12.611,0.35971,-0.023609,0.86,-4.6805
660.13,-0.56978,-0.52096,-4.1778,12.609,0.39456,0.032649,0.86,-4.7313
661.16,-0.57169,-0.54213,-4.1821,12.617,0.34582,-0.16631,0.86,-4.5575
662.2,-0.57358,-0.54992,-4.1864,12.611,0.33333,-0.072254,0.86,-4.6266
663.23,-0.5756,-0.56369,-4.1909,12.602,0.39006,-0.11182,0.86,-4.5907
664.27,-0.57769,-0.5746,-4.1954,12.609,0.34766,-0.11659,0.86,-4.5774
665.3,-0.57984,-0.58495,-4.2001,12.603,0.31656,-0.043984,0.86,-4.5556
666.34,-0.58212,-0.59999,-4.2048,12.59,0.39914,-0.13048,0.86,-4.6629
667.38,-0.58443,-0.60866,-4.2097,12.599,0.41424,-0.094091,0.86,-4.599
668.42,-0.58682,-0.61965,-4.2146,12.612,0.39748,-0.22997,0.86,-4.6458
669.47,-0.58918,-0.62106,-4.2195,12.621,0.39253,-0.18571,0.86,-4.7663
670.51,-0.59156,-0.62497,-4.2245,12.628,0.3883,-0.1073,0.86,-4.7915
671.56,-0.59403,-0.63387,-4.2296,12.634,0.3379,-0.042515,0.86,-4.5571
672.6,-0.5966,-0.64735,-4.2347,12.626,0.38863,-0.12218,0.86,-4.7144
673.65,-0.5992,-0.6548,-4.2399,12.632,0.35685,-0.17236,0.86,-4.6809
674.71,-0.6018,-0.65862,-4.2451,12.629,0.33391,-0.20947,0.86,-4.584
675.76,-0.60438,-0.65986,-4.2504,12.62,0.35335,0.18872,0.86,-4.6421
676.8,-0.60728,-0.68764,-4.2558,12.617,0.34783,0.088548,0.86,-4.6406
677.85,-0.6103,-0.70824,-4.2614,12.611,0.41454,-0.2125,0.86,-4.7931
678.91,-0.61321,-0.70775,-4.2671,12.625,0.34975,-0.020678,0.86,-4.5745
679.97,-0.61626,-0.72041,-4.2728,12.62,0.33789,0.0056462,0.86,-4.7607
681.02,-0.61941,-0.73409,-4.2786,12.612,0.32323,0.020294,0.86,-4.7074
682.08,-0.62266,-0.74849,-4.2845,12.6,0.34915,0.16909,0.86,-4.6272
683.13,-0.62613,-0.77274,-4.2906,12.596,0.37514,0.14223,0.86,-4.5961
684.19,-0.62974,-0.79478,-4.2969,12.598,0.35763,0.20223,0.86,-4.7364
685.25,-0.63356,-0.82011,-4.3033,12.596,0.38642,0.18649,0.86,-4.7934
686.31,-0.63753,-0.84377,-4.31,12.602,0.3868,-0.2364,0.86,-4.76
687.38,-0.64131,-0.83837,-4.3167,12.607,0.39785,0.023289,0.86,-4.7601
688.45,-0.64524,-0.85019,-4.3235,12.616,0.36345,-0.12507,0.86,-4.5968
689.53,-0.64911,-0.85187,-4.3303,12.615,0.38171,-0.1072,0.86,-4.5991
690.61,-0.65299,-0.85434,-4.3371,12.619,0.41458,0.12209,0.86,-4.5936
691.68,-0.65705,-0.87195,-4.344,12.633,0.37553,-0.19742,0.86,-4.5701
692.76,-0.66096,-0.86749,-4.351,12.635,0.39166,-0.058053,0.86,-4.6912
693.84,-0.66492,-0.87184,-4.3579,12.642,0.35224,-0.12868,0.86,-4.7349
694.93,-0.66883,-0.87089,-4.3649,12.638,0.40765,0.22639,0.86,-4.5817
696.01,-0.67301,-0.8939,-4.372,12.649,0.38194,-0.013167,0.86,-4.5845
697.09,-0.67714,-0.90018,-4.3791,12.653,0.3188,0.04636,0.86,-4.6467
698.18,-0.68134,-0.9099,-4.3864,12.639,0.37494,-0.19928,0.86,-4.7309
699.28,-0.68539,-0.90236,-4.3936,12.642,0.32781,0.13967,0.86,-4.631
700.36,-0.68963,-0.91759,-4.4009,12.631,0.36661,-0.01054,0.86,-4.6985
701.46,-0.69384,-0.92202,-4.4083,12.631,0.36158,-0.07099,0.86,-4.7642
702.56,-0.698,-0.92178,-4.4156,12.629,0.33427,-0.13141,0.86,-4.7804
703.66,-0.70209,-0.91699,-4.423,12.62,0.40148,0.12762,0.86,-4.6232
704.76,-0.70633,-0.92967,-4.4304,12.63,0.32334,-0.17494,0.86,-4.6305
705.87,-0.71039,-0.92138,-4.4378,12.618,0.33494,0.22889,0.86,-4.7821
706.96,-0.71469,-0.93972,-4.4452,12.609,0.34646,-0.12163,0.86,-4.7924
708.07,-0.71882,-0.93381,-4.4527,12.604,0.41379,0.1456,0.86,-4.6311
709.18,-0.7231,-0.94593,-4.4602,12.617,0.35645,0.2352,0.86,-4.7119
710.28,-0.72752,-0.96345,-4.4679,12.614,0.35127,0.11684,0.86,-4.5803
711.39,-0.73195,-0.97272,-4.4756,12.61,0.34325,0.19317,0.86,-4.6821
712.5,-0.73648,-0.98645,-4.4835,12.604,0.36969,0.20513,0.86,-4.7422
713.62,-0.74111,-1.0003,-4.4914,12.605,0.34438,0.017461,0.86,-4.6325
714.74,-0.74566,-1.0012,-4.4994,12.599,0.41443,-0.043853,0.86,-4.5548
715.86,-0.75013,-0.99769,-4.5074,12.612,0.39923,0.14255,0.86,-4.7442
716.98,-0.7547,-1.0059,-4.5154,12.621,0.35922,-0.16115,0.86,-4.7184
718.12,-0.75906,-0.99315,-4.5234,12.619,0.32647,-0.20511,0.86,-4.6018
719.25,-0.76325,-0.97727,-4.5313,12.608,0.32448,-0.23161,0.86,-4.6952
720.39,-0.76726,-0.95906,-4.5391,12.597,0.35376,-0.12745,0.86,-4.5849
721.53,-0.77119,-0.9478,-4.5467,12.593,0.34833,0.035592,0.86,-4.6006
722.67,-0.77515,-0.94719,-4.5543,12.589,0.3341,-0.13036,0.86,-4.6618
723.81,-0.77893,-0.93483,-4.5618,12.58,0.32786,0.22204,0.86,-4.7289
724.95,-0.78289,-0.94584,-4.5693,12.57,0.33005,-0.12214,0.86,-4.7438
726.09,-0.78662,-0.93309,-4.5768,12.56,0.38527,-0.035525,0.86,-4.6071
727.24,-0.7903,-0.92616,-4.5843,12.566,0.39326,-0.17272,0.86,-4.7907
728.39,-0.79379,-0.90923,-4.5916,12.574,0.35161,0.15493,0.86,-4.7746
729.54,-0.79739,-0.91422,-4.5989,12.57,0.33301,-0.0018969,0.86,-4.7855
730.69,-0.80088,-0.9082,-4.6062,12.561,0.33711,0.16068,0.86,-4.6497
731.84,-0.80444,-0.91313,-4.6135,12.553,0.40069,-0.19996,0.86,-4.6914
733,-0.80771,-0.89319,-4.6207,12.563,0.38849,0.073561,0.86,-4.5883
734.15,-0.81103,-0.89173,-4.6278,12.57,0.40263,-0.17706,0.86,-4.6911
735.32,-0.81411,-0.87277,-4.6349,12.58,0.32494,0.17778,0.86,-4.717
736.47,-0.81731,-0.87754,-4.6419,12.569,0.31655,0.22586,0.86,-4.5964
737.63,-0.82058,-0.88548,-4.649,12.556,0.38193,0.1963,0.86,-4.6308
738.79,-0.82386,-0.89097,-4.6561,12.56,0.41281,0.14728,0.86,-4.6331
739.95,-0.82712,-0.89279,-4.6632,12.574,0.36164,-0.041131,0.86,-4.7477
741.12,-0.83021,-0.88127,-4.6703,12.573,0.32392,0.088742,0.86,-4.774
742.29,-0.83331,-0.87824,-4.6773,12.561,0.33902,0.077587,0.86,-4.7353
743.46,-0.83635,-0.87422,-4.6843,12.554,0.34418,0.059503,0.86,-4.7696
744.63,-0.83933,-0.86863,-4.6913,12.549,0.37957,0.045462,0.86,-4.7564
745.81,-0.84223,-0.86183,-4.6982,12.553,0.3919,0.05478,0.86,-4.7577
746.98,-0.84506,-0.8554,-4.7051,12.56,0.39486,-0.026368,0.86,-4.7293
748.16,-0.84776,-0.84328,-4.7119,12.569,0.39206,-0.076644,0.86,-4.7221
749.35,-0.85031,-0.82755,-4.7186,12.576,0.39815,-0.17815,0.86,-4.5778
750.54,-0.85263,-0.80507,-4.7251,12.585,0.33201,-0.03138,0.86,-4.5631
751.72,-0.85488,-0.79242,-4.7315,12.576,0.33019,0.014692,0.86,-4.7541
752.91,-0.85706,-0.78231,-4.7378,12.566,0.35742,0.23472,0.86,-4.6702
754.09,-0.85933,-0.78709,-4.7441,12.564,0.33363,-0.074493,0.86,-4.763
755.28,-0.86136,-0.77051,-4.7503,12.555,0.33565,-0.18898,0.86,-4.7723
756.48,-0.86315,-0.74602,-4.7564,12.548,0.33124,-0.12226,0.86,-4.6801
757.68,-0.8648,-0.72617,-4.7623,12.538,0.41302,0.18664,0.86,-4.6008
758.87,-0.86654,-0.72731,-4.7681,12.552,0.4096,0.21918,0.86,-4.7401
760.06,-0.8683,-0.73018,-4.7739,12.564,0.38735,-0.24826,0.86,-4.552
761.26,-0.86968,-0.70162,-4.7796,12.57,0.37565,-0.19151,0.86,-4.7608
762.47,-0.87088,-0.67645,-4.7851,12.573,0.38847,-0.015327,0.86,-4.573
763.67,-0.87202,-0.66358,-4.7905,12.58,0.3491,-0.042126,0.86,-4.794
764.87,-0.87303,-0.64838,-4.7958,12.575,0.36852,0.14829,0.86,-4.7654
766.07,-0.87408,-0.64609,-4.8009,12.576,0.3923,0.085761,0.86,-4.5459
767.27,-0.87504,-0.63993,-4.8061,12.583,0.32205,-0.097721,0.86,-4.6581
768.48,-0.87581,-0.62104,-4.8111,12.572,0.35197,-0.19458,0.86,-4.603
769.69,-0.87633,-0.59573,-4.816,12.568,0.39824,0.062247,0.86,-4.6658
770.9,-0.87687,-0.58772,-4.8207,12.577,0.40484,0.0025653,0.86,-4.6371
772.1,-0.8773,-0.57571,-4.8254,12.588,0.32366,-0.060141,0.86,-4.6902
773.32,-0.87757,-0.55935,-4.8299,12.576,0.34175,-0.060727,0.86,-4.7215
774.53,-0.87772,-0.54294,-4.8343,12.57,0.3156,-0.056074,0.86,-4.7501
775.74,-0.87774,-0.52683,-4.8386,12.556,0.37646,0.23922,0.86,-4.6212
776.94,-0.87788,-0.53104,-4.8428,12.56,0.37223,0.19653,0.86,-4.5533
778.15,-0.87801,-0.53247,-4.8471,12.562,0.4081,-0.19954,0.86,-4.5752
779.37,-0.87783,-0.50704,-4.8512,12.574,0.38445,-0.012638,0.86,-4.6087
780.59,-0.87761,-0.4943,-4.8553,12.579,0.33884,-0.21446,0.86,-4.6609
781.81,-0.87712,-0.46789,-4.8591,12.572,0.34029,0.12142,0.86,-4.738
783.02,-0.87671,-0.4642,-4.8628,12.565,0.37267,-0.031776,0.86,-4.7117
784.24,-0.87614,-0.45025,-4.8665,12.567,0.35341,0.072378,0.86,-4.6032
785.45,-0.87556,-0.4437,-4.8701,12.564,0.33976,0.011111,0.86,-4.7143
786.67,-0.87487,-0.43286,-4.8736,12.557,0.33552,0.24982,0.86,-4.6191
787.88,-0.87431,-0.43848,-4.8771,12.549,0.38946,-0.052968,0.86,-4.7665
789.11,-0.87354,-0.42333,-4.8805,12.556,0.32707,-0.0022494,0.86,-4.7701
790.33,-0.8727,-0.41175,-4.8838,12.545,0.32424,-0.2272,0.86,-4.5851
791.55,-0.87159,-0.38547,-4.887,12.534,0.31504,-0.0015781,0.86,-4.69
792.77,-0.87047,-0.37446,-4.8901,12.521,0.36208,0.15232,0.86,-4.785
793.99,-0.8694,-0.37383,-4.8931,12.52,0.39306,0.021346,0.86,-4.6562
795.21,-0.86823,-0.36472,-4.896,12.529,0.39733,-0.03108,0.86,-4.5977
796.44,-0.86694,-0.35233,-4.8989,12.538,0.38821,-0.1154,0.86,-4.664
797.66,-0.8655,-0.33428,-4.9016,12.544,0.37106,0.11418,0.86,-4.7009
798.88,-0.86412,-0.33191,-4.9043,12.546,0.37124,0.063101,0.86,-4.783
800.1,-0.86269,-0.32606,-4.9069,12.548,0.39493,0.074935,0.86,-4.6251
801.33,-0.86123,-0.32151,-4.9095,12.556,0.38119,0.15462,0.86,-4.6409
802.55,-0.85981,-0.32249,-4.9121,12.561,0.33797,0.225,0.86,-4.6223
803.76,-0.85847,-0.3284,-4.9147,12.554,0.39606,-0.069234,0.86,-4.6726
804.99,-0.85694,-0.3144,-4.9173,12.562,0.41267,0.001724,0.86,-4.566
806.22,-0.85537,-0.30564,-4.9197,12.575,0.40805,0.062944,0.86,-4.6039
807.44,-0.85379,-0.30113,-4.9222,12.587,0.38374,-0.1033,0.86,-4.7681
808.67,-0.85205,-0.28521,-4.9245,12.592,0.38743,0.11724,0.86,-4.7467
809.89,-0.85039,-0.2845,-4.9268,12.598,0.37536,0.086545,0.86,-4.792
811.12,-0.8487,-0.28179,-4.9291,12.601,0.35875,0.064904,0.86,-4.5796
812.34,-0.84698,-0.27824,-4.9313,12.599,0.33179,0.13436,0.86,-4.7807
813.57,-0.84531,-0.27915,-4.9335,12.589,0.33158,-0.098073,0.86,-4.6176
814.8,-0.84346,-0.26483,-4.9357,12.58,0.40738,0.23811,0.86,-4.6546
816.02,-0.8418,-0.27344,-4.9379,12.591,0.41115,0.079484,0.86,-4.6495
817.24,-0.84008,-0.27144,-4.94,12.604,0.32754,0.029056,0.86,-4.7882
818.47,-0.83831,-0.26593,-4.9422,12.593,0.39639,0.14101,0.86,-4.7936
819.7,-0.83661,-0.26817,-4.9443,12.602,0.39375,0.20877,0.86,-4.6473
820.92,-0.83499,-0.27547,-4.9465,12.609,0.38513,0.017568,0.86,-4.7883
822.15,-0.83329,-0.26966,-4.9487,12.615,0.33889,0.091743,0.86,-4.5969
823.38,-0.83161,-0.26946,-4.9508,12.607,0.37167,0.04792,0.86,-4.585
824.6,-0.8299,-0.26649,-4.953,12.608,0.32052,0.18589,0.86,-4.5559
825.83,-0.8283,-0.2731,-4.9551,12.596,0.38199,-0.10757,0.86,-4.7925
827.06,-0.82652,-0.25949,-4.9573,12.6,0.37193,0.0076047,0.86,-4.5691
828.29,-0.82474,-0.25437,-4.9593,12.602,0.39707,0.14612,0.86,-4.5463
829.52,-0.82305,-0.25888,-4.9614,12.611,0.39139,-0.046947,0.86,-4.7288
830.75,-0.82124,-0.25008,-4.9634,12.617,0.37012,-0.2433,0.86,-4.5683
831.99,-0.81922,-0.22856,-4.9653,12.618,0.32377,0.00027792,0.86,-4.6579
833.22,-0.81724,-0.22362,-4.9671,12.607,0.32696,-0.024724,0.86,-4.7837
834.46,-0.81521,-0.21695,-4.9689,12.596,0.36368,0.10815,0.86,-4.744
835.68,-0.81326,-0.21958,-4.9706,12.595,0.40078,0.23435,0.86,-4.7801
836.91,-0.81145,-0.23086,-4.9724,12.605,0.34855,0.12481,0.86,-4.6008
838.14,-0.80965,-0.23523,-4.9743,12.6,0.38236,-0.13843,0.86,-4.7347
839.37,-0.80768,-0.22166,-4.9761,12.605,0.32628,0.17048,0.86,-4.6991
840.6,-0.80587,-0.22933,-4.9779,12.594,0.37512,0.19057,0.86,-4.7098
841.83,-0.80415,-0.23848,-4.9798,12.596,0.33004,0.0022456,0.86,-4.6153
843.06,-0.80236,-0.23522,-4.9817,12.586,0.34422,-0.1191,0.86,-4.6023
844.3,-0.80045,-0.22396,-4.9835,12.581,0.39186,-0.07715,0.86,-4.7591
845.53,-0.7985,-0.21546,-4.9853,12.588,0.33527,0.16355,0.86,-4.5718
846.76,-0.79671,-0.22386,-4.9871,12.58,0.34878,0.23218,0.86,-4.6723
847.99,-0.79504,-0.23683,-4.9889,12.575,0.3571,-0.040558,0.86,-4.6983
849.22,-0.79327,-0.23141,-4.9908,12.573,0.36242,0.13103,0.86,-4.7921
850.45,-0.7916,-0.2376,-4.9927,12.572,0.35075,-0.010032,0.86,-4.7159
851.69,-0.78988,-0.23453,-4.9945,12.568,0.35126,-0.19089,0.86,-4.6726
852.93,-0.788,-0.21951,-4.9964,12.564,0.40425,0.11819,0.86,-4.7209
854.16,-0.78627,-0.22555,-4.9981,12.575,0.38525,-0.19915,0.86,-4.6889
855.4,-0.78434,-0.21033,-4.9999,12.581,0.31827,-0.16294,0.86,-4.6344
856.64,-0.78232,-0.19794,-5.0015,12.568,0.35151,-0.10005,0.86,-4.7217
857.88,-0.78028,-0.18987,-5.0031,12.564,0.36839,0.032237,0.86,-4.591
859.11,-0.7783,-0.19126,-5.0046,12.565,0.38412,0.21108,0.86,-4.6643
860.34,-0.7765,-0.2048,-5.0062,12.57,0.35362,-0.092417,0.86,-4.6027
861.58,-0.77456,-0.19804,-5.0078,12.567,0.38871,-0.10467,0.86,-4.7205
862.82,-0.77257,-0.19043,-5.0093,12.574,0.35094,0.10491,0.86,-4.752
864.05,-0.77071,-0.19717,-5.0109,12.57,0.33306,0.012628,0.86,-4.642
865.28,-0.76883,-0.19805,-5.0125,12.561,0.38282,-0.073481,0.86,-4.7798
866.52,-0.76691,-0.19299,-5.014,12.566,0.37595,-0.14689,0.86,-4.6633
867.76,-0.7649,-0.18343,-5.0155,12.569,0.41409,0.14672,0.86,-4.7272
868.99,-0.76307,-0.19384,-5.017,12.582,0.31833,0.044051,0.86,-4.7496
870.23,-0.76125,-0.19739,-5.0186,12.569,0.37895,0.14199,0.86,-4.6577
871.46,-0.75956,-0.20792,-5.0202,12.573,0.33806,0.15174,0.86,-4.6851
872.69,-0.75797,-0.21918,-5.0219,12.566,0.40826,-0.041827,0.86,-4.7402
873.93,-0.75631,-0.21733,-5.0237,12.578,0.339,0.15058,0.86,-4.6988
875.16,-0.75482,-0.22875,-5.0255,12.57,0.37985,-0.15256,0.86,-4.6431
876.4,-0.75317,-0.21988,-5.0273,12.574,0.37615,-0.23687,0.86,-4.6451
877.64,-0.75139,-0.20551,-5.029,12.577,0.38051,0.13702,0.86,-4.7409
878.88,-0.74982,-0.21647,-5.0307,12.582,0.38938,-0.2148,0.86,-4.6766
880.12,-0.74806,-0.20386,-5.0323,12.588,0.36129,0.068175,0.86,-4.7366
881.36,-0.74645,-0.21051,-5.034,12.587,0.36115,-0.17639,0.86,-4.5588
882.6,-0.7447,-0.20111,-5.0356,12.586,0.35283,-0.155,0.86,-4.634
883.84,-0.7429,-0.19322,-5.0372,12.582,0.35645,0.022559,0.86,-4.779
885.08,-0.7412,-0.19725,-5.0388,12.58,0.398,0.165,0.86,-4.6122
886.31,-0.73967,-0.21142,-5.0404,12.589,0.37828,-0.042145,0.86,-4.5625
887.55,-0.73808,-0.21176,-5.0421,12.592,0.33551,-0.18234,0.86,-4.5515
888.8,-0.7364,-0.2028,-5.0438,12.584,0.3296,-0.2098,0.86,-4.7587
890.04,-0.73463,-0.19175,-5.0453,12.574,0.40993,0.10266,0.86,-4.6416
891.28,-0.73304,-0.20231,-5.0469,12.586,0.40275,0.050655,0.86,-4.5976
892.51,-0.73151,-0.20956,-5.0486,12.597,0.38311,-0.1513,0.86,-4.7662
893.76,-0.72988,-0.2029,-5.0502,12.601,0.35431,-0.027838,0.86,-4.6531
895,-0.72831,-0.20503,-5.0518,12.598,0.34798,0.12207,0.86,-4.6932
896.23,-0.72689,-0.21736,-5.0535,12.593,0.35774,0.039085,0.86,-4.5537
897.47,-0.72551,-0.22446,-5.0553,12.591,0.40897,0.032448,0.86,-4.6279
898.71,-0.72419,-0.23105,-5.0571,12.603,0.31885,-0.20302,0.86,-4.5974
899.96,-0.72274,-0.22188,-5.0589,12.59,0.32593,-0.10172,0.86,-4.7363
901.2,-0.7213,-0.21945,-5.0607,12.579,0.39468,-0.21778,0.86,-4.7827
902.45,-0.71977,-0.20923,-5.0624,12.587,0.39244,0.11847,0.86,-4.7667
903.68,-0.71844,-0.22199,-5.0641,12.594,0.35101,0.24667,0.86,-4.7043
904.92,-0.71733,-0.24362,-5.066,12.59,0.36314,-0.2025,0.86,-4.6545
906.16,-0.71602,-0.23498,-5.0679,12.59,0.33124,0.22396,0.86,-4.7698
907.4,-0.71502,-0.25513,-5.0699,12.58,0.35001,-0.23161,0.86,-4.5823
908.65,-0.71379,-0.24485,-5.0719,12.576,0.35735,-0.11063,0.86,-4.552
909.89,-0.7126,-0.24298,-5.0738,12.574,0.32166,-0.0029881,0.86,-4.6916
911.13,-0.71149,-0.24823,-5.0758,12.562,0.40065,-0.17529,0.86,-4.5619
912.38,-0.71028,-0.24218,-5.0778,12.572,0.37993,0.20653,0.86,-4.7112
913.62,-0.70936,-0.2618,-5.0798,12.576,0.41208,-0.2194,0.86,-4.5789
914.87,-0.70824,-0.25287,-5.0818,12.589,0.37766,-0.060798,0.86,-4.5705
916.11,-0.70719,-0.25485,-5.0839,12.592,0.37159,0.24429,0.86,-4.7416
917.35,-0.70642,-0.2772,-5.086,12.594,0.35502,-0.10194,0.86,-4.5894
918.6,-0.70554,-0.27642,-5.0882,12.591,0.39378,-0.049215,0.86,-4.7497
919.84,-0.70471,-0.27896,-5.0904,12.598,0.3927,-0.037571,0.86,-4.5847
921.09,-0.70391,-0.28271,-5.0927,12.606,0.3744,-0.07513,0.86,-4.643
922.34,-0.70312,-0.28385,-5.0949,12.608,0.41148,0.051232,0.86,-4.5487
923.58,-0.70244,-0.29381,-5.0972,12.62,0.40217,-0.0059294,0.86,-4.5754
924.83,-0.70181,-0.29987,-5.0996,12.63,0.35674,0.21889,0.86,-4.7563
926.07,-0.70141,-0.3208,-5.1021,12.627,0.32544,-0.10682,0.86,-4.7645
927.32,-0.70091,-0.31961,-5.1047,12.616,0.38886,0.11451,0.86,-4.6357
928.56,-0.70059,-0.33372,-5.1073,12.622,0.36048,0.23431,0.86,-4.7665
929.8,-0.70048,-0.35563,-5.11,12.621,0.31826,0.025409,0.86,-4.7368
931.05,-0.70037,-0.36338,-5.1129,12.607,0.34599,0.059716,0.86,-4.6886
932.3,-0.70035,-0.37353,-5.1159,12.602,0.37503,0.081221,0.86,-4.5966
933.55,-0.70043,-0.38527,-5.1189,12.604,0.34087,-0.16793,0.86,-4.7853
934.8,-0.70039,-0.3797,-5.122,12.597,0.33501,-0.059004,0.86,-4.6006
936.06,-0.70041,-0.38192,-5.125,12.589,0.40769,0.10387,0.86,-4.5534
937.31,-0.70058,-0.39523,-5.1281,12.6,0.35886,0.026666,0.86,-4.7549
938.56,-0.70078,-0.40283,-5.1313,12.598,0.32367,0.15286,0.86,-4.7665
939.81,-0.70115,-0.41888,-5.1346,12.587,0.31614,-0.13398,0.86,-4.6986
941.07,-0.70141,-0.41555,-5.1379,12.573,0.35041,0.034928,0.86,-4.6513
942.32,-0.70178,-0.42374,-5.1413,12.569,0.35596,-0.067301,0.86,-4.7941
943.58,-0.70213,-0.42463,-5.1447,12.567,0.38609,-0.045472,0.86,-4.7028
944.84,-0.7025,-0.42715,-5.1481,12.573,0.36157,0.013516,0.86,-4.5494
946.1,-0.70294,-0.43393,-5.1515,12.572,0.37056,-0.13315,0.86,-4.6064
947.36,-0.7033,-0.4306,-5.155,12.573,0.3406,-0.17898,0.86,-4.6837
948.62,-0.7036,-0.42397,-5.1584,12.566,0.39668,-0.17633,0.86,-4.6465
949.89,-0.70385,-0.4176,-5.1618,12.575,0.3282,0.11961,0.86,-4.6907
951.15,-0.7043,-0.43116,-5.1652,12.565,0.36828,-0.11021,0.86,-4.6992
952.41,-0.70466,-0.42905,-5.1686,12.566,0.38517,0.1758,0.86,-4.5851
953.67,-0.70524,-0.44649,-5.1721,12.571,0.3979,-0.13001,0.86,-4.5904
954.94,-0.70569,-0.4431,-5.1757,12.58,0.37872,0.061789,0.86,-4.5884
956.2,-0.70628,-0.45265,-5.1793,12.584,0.35584,0.0076546,0.86,-4.5987
957.46,-0.7069,-0.45842,-5.1829,12.581,0.35661,0.13975,0.86,-4.6811
958.73,-0.70767,-0.47286,-5.1866,12.579,0.41282,-0.060195,0.86,-4.6765
960,-0.70837,-0.47364,-5.1904,12.592,0.32981,0.16466,0.86,-4.6583
961.26,-0.70927,-0.48959,-5.1943,12.582,0.34506,0.0063412,0.86,-4.7553
962.53,-0.71016,-0.49446,-5.1982,12.576,0.41078,-0.20206,0.86,-4.7405
963.8,-0.71091,-0.48515,-5.2021,12.589,0.39058,0.12431,0.86,-4.5709
965.07,-0.71185,-0.49824,-5.2061,12.596,0.3402,-0.23587,0.86,-4.5882
966.35,-0.71259,-0.48677,-5.21,12.589,0.38051,0.10703,0.86,-4.6825
967.62,-0.71352,-0.49828,-5.2139,12.593,0.39903,0.18683,0.86,-4.7923
968.89,-0.7146,-0.51481,-5.218,12.602,0.38041,0.0455,0.86,-4.7271
970.16,-0.71569,-0.52173,-5.2221,12.606,0.38743,-0.20223,0.86,-4.6714
971.44,-0.71661,-0.51186,-5.2263,12.612,0.31846,-0.22667,0.86,-4.6356
972.73,-0.71744,-0.50036,-5.2303,12.599,0.40865,0.086784,0.86,-4.5794
974,-0.71843,-0.51015,-5.2344,12.61,0.37171,-0.23014,0.86,-4.6041
975.29,-0.71923,-0.4983,-5.2384,12.612,0.41328,-0.0038732,0.86,-4.714
976.57,-0.72012,-0.5015,-5.2424,12.625,0.39018,-0.070731,0.86,-4.5587
977.85,-0.72097,-0.5004,-5.2464,12.631,0.36001,-0.16485,0.86,-4.5898
979.14,-0.72173,-0.49278,-5.2504,12.629,0.38282,0.21941,0.86,-4.7208
980.42,-0.72275,-0.51084,-5.2544,12.634,0.31957,0.19607,0.86,-4.5893
981.69,-0.72389,-0.52741,-5.2585,12.621,0.33543,-0.059594,0.86,-4.7157
982.98,-0.72493,-0.52623,-5.2628,12.612,0.35051,0.12415,0.86,-4.6906
984.26,-0.72611,-0.53743,-5.267,12.608,0.35265,-0.10677,0.86,-4.6811
985.55,-0.72718,-0.53285,-5.2713,12.604,0.31962,-0.20846,0.86,-4.7292
986.85,-0.72813,-0.52121,-5.2755,12.591,0.33456,-0.24194,0.86,-4.6674
988.14,-0.72894,-0.50738,-5.2796,12.583,0.37901,-0.0472,0.86,-4.5802
989.44,-0.72981,-0.50689,-5.2837,12.587,0.35076,-0.11379,0.86,-4.5654
990.73,-0.73061,-0.50183,-5.2877,12.583,0.40693,-0.23471,0.86,-4.555
992.03,-0.73127,-0.48856,-5.2917,12.594,0.3246,-0.20377,0.86,-4.72
993.33,-0.73185,-0.47702,-5.2955,12.583,0.34491,0.039586,0.86,-4.5691
994.62,-0.73253,-0.48226,-5.2994,12.577,0.37849,0.0022127,0.86,-4.7126
995.92,-0.73322,-0.48458,-5.3032,12.581,0.34103,0.15585,0.86,-4.6979
997.21,-0.73406,-0.49723,-5.3072,12.574,0.31485,0.029917,0.86,-4.5527
998.5,-0.73488,-0.50153,-5.3112,12.56,0.35012,-0.1364,0.86,-4.6185
999.8,-0.7356,-0.49433,-5.3151,12.556,0.31765,-0.15262,0.86,-4.6128
1001.1,-0.73624,-0.48601,-5.3191,12.543,0.39605,0.0068778,0.86,-4.5646
1002.4,-0.73694,-0.48855,-5.323,12.552,0.35181,-0.18755,0.86,-4.7397
1003.7,-0.7375,-0.47748,-5.3268,12.548,0.35839,0.16389,0.86,-4.7317
1005,-0.73826,-0.4902,-5.3307,12.547,0.35078,-0.12093,0.86,-4.5916
1006.3,-0.73888,-0.4838,-5.3346,12.543,0.32626,-0.1759,0.86,-4.7601
1007.6,-0.7394,-0.4733,-5.3384,12.533,0.35549,0.12153,0.86,-4.7885
1008.9,-0.74008,-0.48285,-5.3422,12.53,0.393,0.0208,0.86,-4.6821
1010.2,-0.74075,-0.4857,-5.3461,12.538,0.31677,0.053704,0.86,-4.6246
1011.5,-0.74146,-0.49081,-5.35,12.525,0.31948,0.16591,0.86,-4.7561
1012.8,-0.74231,-0.50314,-5.354,12.513,0.35788,-0.1374,0.86,-4.7188
1014.1,-0.74299,-0.49488,-5.358,12.512,0.31622,-0.24879,0.86,-4.6073
1015.5,-0.74352,-0.47929,-5.3619,12.499,0.3554,0.13091,0.86,-4.7846
1016.8,-0.74423,-0.48903,-5.3658,12.496,0.32848,0.24072,0.86,-4.6852
1018.1,-0.74511,-0.50629,-5.3697,12.487,0.37108,0.17545,0.86,-4.7624
1019.4,-0.74606,-0.5188,-5.3738,12.489,0.36825,-0.048161,0.86,-4.6314
1020.7,-0.74693,-0.51631,-5.378,12.491,0.34425,0.24824,0.86,-4.5701
1022,-0.74801,-0.53392,-5.3822,12.486,0.33839,0.055302,0.86,-4.6193
1023.3,-0.74906,-0.53818,-5.3865,12.479,0.33403,0.0088789,0.86,-4.6452
1024.6,-0.75011,-0.53912,-5.3908,12.471,0.41203,0.018719,0.86,-4.6318
